# Generated at 2024-03-18 05:43:56 (01:00) by AQUARIUS Time-Series 22.2.188.0,
# UTC+02,
# Period Selected: 2018-01-01 00:00 - 2023-12-31 23:59,
#,
# Comment: ,
# Description: ,
# ReportTitle: Q_C2_Daily,
# f15f5165-0095-439d-b8f4-9e4c35dd667c Discharge.Discharge Production@110102_C2: Mean (1 Day),
#,
# CSV data starts at line 12,
#,
TimeStamp,Q
2018-01-01 00:00,0.471225922
2018-01-02 00:00,0.461121171
2018-01-03 00:00,0.446454009
2018-01-04 00:00,0.422900607
2018-01-05 00:00,0.421242175
2018-01-06 00:00,0.407676836
2018-01-07 00:00,0.38330543
2018-01-08 00:00,0.361264529
2018-01-09 00:00,0.349221907
2018-01-10 00:00,0.34087477
2018-01-11 00:00,0.329166464
2018-01-12 00:00,0.310520715
2018-01-13 00:00,0.295785814
2018-01-14 00:00,0.292366069
2018-01-15 00:00,0.307184715
2018-01-16 00:00,0.313926602
2018-01-17 00:00,0.294151262
2018-01-18 00:00,0.277859027
2018-01-19 00:00,0.264359977
2018-01-20 00:00,0.249592818
2018-01-21 00:00,0.242012675
2018-01-22 00:00,0.233456165
2018-01-23 00:00,0.222520087
2018-01-24 00:00,0.23110318
2018-01-25 00:00,0.242507463
2018-01-26 00:00,0.214736047
2018-01-27 00:00,0.200125918
2018-01-28 00:00,0.200913134
2018-01-29 00:00,0.201006895
2018-01-30 00:00,0.195917056
2018-01-31 00:00,0.189767654
2018-02-01 00:00,0.186718784
2018-02-02 00:00,0.176315845
2018-02-03 00:00,0.164900333
2018-02-04 00:00,0.152370367
2018-02-05 00:00,0.142360089
2018-02-06 00:00,0.13994134
2018-02-07 00:00,0.151938945
2018-02-08 00:00,0.149795024
2018-02-09 00:00,0.141704667
2018-02-10 00:00,0.138093582
2018-02-11 00:00,0.136233498
2018-02-12 00:00,0.1359349
2018-02-13 00:00,0.135461419
2018-02-14 00:00,0.131385034
2018-02-15 00:00,0.127530081
2018-02-16 00:00,0.1262981
2018-02-17 00:00,0.124164939
2018-02-18 00:00,0.121575198
2018-02-19 00:00,0.119380027
2018-02-20 00:00,0.116084834
2018-02-21 00:00,0.110222702
2018-02-22 00:00,0.10352868
2018-02-23 00:00,0.096103832
2018-02-24 00:00,0.08943911
2018-02-25 00:00,0.085087536
2018-02-26 00:00,0.082856977
2018-02-27 00:00,0.078871447
2018-02-28 00:00,0.072040184
2018-03-01 00:00,0.07254892
2018-03-02 00:00,0.07453459
2018-03-03 00:00,0.073094555
2018-03-04 00:00,0.072003988
2018-03-05 00:00,0.072763288
2018-03-06 00:00,0.075261491
2018-03-07 00:00,0.074533895
2018-03-08 00:00,0.073094654
2018-03-09 00:00,0.072551909
2018-03-10 00:00,0.071370042
2018-03-11 00:00,0.07077338
2018-03-12 00:00,0.0701641
2018-03-13 00:00,0.070605505
2018-03-14 00:00,0.068273278
2018-03-15 00:00,0.066606091
2018-03-16 00:00,0.064478718
2018-03-17 00:00,0.065398109
2018-03-18 00:00,0.069315718
2018-03-19 00:00,0.06902675
2018-03-20 00:00,0.06431235
2018-03-21 00:00,0.068083916
2018-03-22 00:00,0.068105037
2018-03-23 00:00,0.066800646
2018-03-24 00:00,0.070494781
2018-03-25 00:00,0.068035344
2018-03-26 00:00,0.064255397
2018-03-27 00:00,0.063143287
2018-03-28 00:00,0.062820734
2018-03-29 00:00,0.062624169
2018-03-30 00:00,0.062057646
2018-03-31 00:00,0.062382046
2018-04-01 00:00,0.06234976
2018-04-02 00:00,0.062810845
2018-04-03 00:00,0.061766265
2018-04-04 00:00,0.061878206
2018-04-05 00:00,0.062455858
2018-04-06 00:00,0.062084238
2018-04-07 00:00,0.05991079
2018-04-08 00:00,0.06121112
2018-04-09 00:00,0.061299042
2018-04-10 00:00,0.058183684
2018-04-11 00:00,0.059539594
2018-04-12 00:00,0.061276641
2018-04-13 00:00,0.068073735
2018-04-14 00:00,0.086471959
2018-04-15 00:00,0.122552245
2018-04-16 00:00,0.198445587
2018-04-17 00:00,0.416775824
2018-04-18 00:00,0.660021456
2018-04-19 00:00,1.496448598
2018-04-20 00:00,3.182745315
2018-04-21 00:00,3.949994137
2018-04-22 00:00,3.920134041
2018-04-23 00:00,3.591356297
2018-04-24 00:00,3.586781498
2018-04-25 00:00,4.009783052
2018-04-26 00:00,4.54818885
2018-04-27 00:00,5.019109179
2018-04-28 00:00,5.685022645
2018-04-29 00:00,6.423168573
2018-04-30 00:00,6.644496949
2018-05-01 00:00,5.979289955
2018-05-02 00:00,7.966005063
2018-05-03 00:00,6.790975844
2018-05-04 00:00,10.31349266
2018-05-05 00:00,10.52884873
2018-05-06 00:00,14.21899614
2018-05-07 00:00,12.45081358
2018-05-08 00:00,9.91562417
2018-05-09 00:00,10.20212851
2018-05-10 00:00,8.600156851
2018-05-11 00:00,6.628994638
2018-05-12 00:00,5.211331295
2018-05-13 00:00,4.101279633
2018-05-14 00:00,3.324073015
2018-05-15 00:00,8.876466277
2018-05-16 00:00,5.963342133
2018-05-17 00:00,3.42558644
2018-05-18 00:00,2.601855656
2018-05-19 00:00,2.128458868
2018-05-20 00:00,1.84879441
2018-05-21 00:00,1.650967619
2018-05-22 00:00,1.425919715
2018-05-23 00:00,1.213432695
2018-05-24 00:00,1.073837464
2018-05-25 00:00,0.967064414
2018-05-26 00:00,0.82651931
2018-05-27 00:00,0.732965745
2018-05-28 00:00,0.665795313
2018-05-29 00:00,0.580006991
2018-05-30 00:00,0.505472709
2018-05-31 00:00,0.449932483
2018-06-01 00:00,0.449138992
2018-06-02 00:00,0.38713717
2018-06-03 00:00,0.315237668
2018-06-04 00:00,0.262764224
2018-06-05 00:00,0.213894579
2018-06-06 00:00,0.192057365
2018-06-07 00:00,0.205305878
2018-06-08 00:00,0.158769275
2018-06-09 00:00,0.124668305
2018-06-10 00:00,0.101146282
2018-06-11 00:00,0.065699573
2018-06-12 00:00,0.048556616
2018-06-13 00:00,0.06626698
2018-06-14 00:00,0.041573707
2018-06-15 00:00,0.0469822
2018-06-16 00:00,0.04315091
2018-06-17 00:00,0.023356619
2018-06-18 00:00,0.224567723
2018-06-19 00:00,0.575432131
2018-06-20 00:00,0.346594997
2018-06-21 00:00,0.110680441
2018-06-22 00:00,0.214021947
2018-06-23 00:00,1.429529301
2018-06-24 00:00,0.368976964
2018-06-25 00:00,0.16386158
2018-06-26 00:00,0.079594327
2018-06-27 00:00,0.033662491
2018-06-28 00:00,0.045905788
2018-06-29 00:00,0.132662591
2018-06-30 00:00,0.039256427
2018-07-01 00:00,0.010314685
2018-07-02 00:00,0.001680923
2018-07-03 00:00,0
2018-07-04 00:00,0.002099132
2018-07-05 00:00,0
2018-07-06 00:00,0.001670627
2018-07-07 00:00,0.001263129
2018-07-08 00:00,0
2018-07-09 00:00,0
2018-07-10 00:00,
2018-07-11 00:00,
2018-07-12 00:00,
2018-07-13 00:00,
2018-07-14 00:00,
2018-07-15 00:00,
2018-07-16 00:00,
2018-07-17 00:00,
2018-07-18 00:00,
2018-07-19 00:00,
2018-07-20 00:00,
2018-07-21 00:00,
2018-07-22 00:00,
2018-07-23 00:00,2.898040978
2018-07-24 00:00,0.627337379
2018-07-25 00:00,0.190700576
2018-07-26 00:00,0.86691344
2018-07-27 00:00,0.335595304
2018-07-28 00:00,0.143056527
2018-07-29 00:00,0.148449226
2018-07-30 00:00,1.774682105
2018-07-31 00:00,0.764455806
2018-08-01 00:00,0.322852014
2018-08-02 00:00,0.415373213
2018-08-03 00:00,1.041883572
2018-08-04 00:00,0.373321493
2018-08-05 00:00,0.196316078
2018-08-06 00:00,0.193148787
2018-08-07 00:00,0.149580203
2018-08-08 00:00,0.098134419
2018-08-09 00:00,0.079462632
2018-08-10 00:00,0.052225618
2018-08-11 00:00,0.057223838
2018-08-12 00:00,0.032943182
2018-08-13 00:00,0.024794723
2018-08-14 00:00,0.018126278
2018-08-15 00:00,0.016233556
2018-08-16 00:00,0.015450598
2018-08-17 00:00,0.016727925
2018-08-18 00:00,0.009996055
2018-08-19 00:00,0.007181585
2018-08-20 00:00,0.0027009
2018-08-21 00:00,0.002150868
2018-08-22 00:00,
2018-08-23 00:00,
2018-08-24 00:00,
2018-08-25 00:00,
2018-08-26 00:00,
2018-08-27 00:00,0.178135807
2018-08-28 00:00,0.087575553
2018-08-29 00:00,0.053418106
2018-08-30 00:00,0.056736649
2018-08-31 00:00,0.115344618
2018-09-01 00:00,0.05185356
2018-09-02 00:00,0.023998263
2018-09-03 00:00,0.014399951
2018-09-04 00:00,0.005858493
2018-09-05 00:00,0
2018-09-06 00:00,0
2018-09-07 00:00,0
2018-09-08 00:00,0
2018-09-09 00:00,0.000636071
2018-09-10 00:00,0.008260839
2018-09-11 00:00,0.017815484
2018-09-12 00:00,0.031803441
2018-09-13 00:00,0.050929538
2018-09-14 00:00,0.07573142
2018-09-15 00:00,0.106453955
2018-09-16 00:00,0.143445264
2018-09-17 00:00,0.187026599
2018-09-18 00:00,0.237497267
2018-09-19 00:00,0.295138236
2018-09-20 00:00,0.262846903
2018-09-21 00:00,0.190819253
2018-09-22 00:00,0.357594365
2018-09-23 00:00,0.213089746
2018-09-24 00:00,0.092802241
2018-09-25 00:00,0.048639093
2018-09-26 00:00,0.069621462
2018-09-27 00:00,0.050976857
2018-09-28 00:00,0.02867645
2018-09-29 00:00,0.029134727
2018-09-30 00:00,0.042002808
2018-10-01 00:00,0.032305331
2018-10-02 00:00,0.026205066
2018-10-03 00:00,0.021886452
2018-10-04 00:00,0.025134274
2018-10-05 00:00,0.137450133
2018-10-06 00:00,0.1160645
2018-10-07 00:00,0.071461554
2018-10-08 00:00,0.063289447
2018-10-09 00:00,0.066069748
2018-10-10 00:00,0.055269293
2018-10-11 00:00,0.0448536
2018-10-12 00:00,0.044141324
2018-10-13 00:00,0.048339302
2018-10-14 00:00,0.047675194
2018-10-15 00:00,0.046840201
2018-10-16 00:00,0.051037081
2018-10-17 00:00,0.046182541
2018-10-18 00:00,0.045402854
2018-10-19 00:00,0.035077788
2018-10-20 00:00,0.029567411
2018-10-21 00:00,0.070236624
2018-10-22 00:00,0.306955068
2018-10-23 00:00,0.196748346
2018-10-24 00:00,0.137893817
2018-10-25 00:00,0.1142579
2018-10-26 00:00,0.094568129
2018-10-27 00:00,0.080975346
2018-10-28 00:00,0.06628707
2018-10-29 00:00,0.050728491
2018-10-30 00:00,0.053838091
2018-10-31 00:00,0.24214092
2018-11-01 00:00,0.437901541
2018-11-02 00:00,0.329124626
2018-11-03 00:00,0.896063585
2018-11-04 00:00,0.488755759
2018-11-05 00:00,0.393306933
2018-11-06 00:00,0.335644703
2018-11-07 00:00,0.389474195
2018-11-08 00:00,0.358426713
2018-11-09 00:00,0.317446944
2018-11-10 00:00,0.354543125
2018-11-11 00:00,0.487312015
2018-11-12 00:00,1.373238083
2018-11-13 00:00,1.357086452
2018-11-14 00:00,0.7258031
2018-11-15 00:00,0.495595191
2018-11-16 00:00,0.407449364
2018-11-17 00:00,0.343231183
2018-11-18 00:00,0.285839837
2018-11-19 00:00,0.239647981
2018-11-20 00:00,0.209014603
2018-11-21 00:00,0.185037986
2018-11-22 00:00,0.168024499
2018-11-23 00:00,0.150183284
2018-11-24 00:00,0.143676666
2018-11-25 00:00,0.133301018
2018-11-26 00:00,0.126350228
2018-11-27 00:00,0.10314808
2018-11-28 00:00,0.072784375
2018-11-29 00:00,0.074588045
2018-11-30 00:00,0.099515167
2018-12-01 00:00,0.112846802
2018-12-02 00:00,0.126580228
2018-12-03 00:00,0.157839571
2018-12-04 00:00,0.156306936
2018-12-05 00:00,0.148717411
2018-12-06 00:00,0.134490636
2018-12-07 00:00,0.123502505
2018-12-08 00:00,0.128456722
2018-12-09 00:00,0.146306425
2018-12-10 00:00,0.857185511
2018-12-11 00:00,0.844040457
2018-12-12 00:00,0.477238363
2018-12-13 00:00,0.315007212
2018-12-14 00:00,0.215118653
2018-12-15 00:00,0.144506302
2018-12-16 00:00,0.132894899
2018-12-17 00:00,0.139553551
2018-12-18 00:00,0.140406289
2018-12-19 00:00,0.137231465
2018-12-20 00:00,0.134812164
2018-12-21 00:00,0.135044147
2018-12-22 00:00,0.130638694
2018-12-23 00:00,0.120491784
2018-12-24 00:00,0.109646747
2018-12-25 00:00,0.107871903
2018-12-26 00:00,0.106266744
2018-12-27 00:00,0.108020565
2018-12-28 00:00,0.108002766
2018-12-29 00:00,0.108403365
2018-12-30 00:00,0.101327185
2018-12-31 00:00,0.101194002
2019-01-01 00:00,0.100717571
2019-01-02 00:00,0.089165443
2019-01-03 00:00,0.083455729
2019-01-04 00:00,0.082282591
2019-01-05 00:00,0.080113163
2019-01-06 00:00,0.080065893
2019-01-07 00:00,0.090113849
2019-01-08 00:00,0.090096392
2019-01-09 00:00,0.078724153
2019-01-10 00:00,0.076941338
2019-01-11 00:00,0.078990811
2019-01-12 00:00,0.07554311
2019-01-13 00:00,0.076589504
2019-01-14 00:00,0.070462904
2019-01-15 00:00,0.064822423
2019-01-16 00:00,0.061985081
2019-01-17 00:00,0.057767077
2019-01-18 00:00,0.050934359
2019-01-19 00:00,0.046904376
2019-01-20 00:00,0.04337622
2019-01-21 00:00,0.038757409
2019-01-22 00:00,0.034887227
2019-01-23 00:00,0.031924295
2019-01-24 00:00,0.029506663
2019-01-25 00:00,0.029156945
2019-01-26 00:00,0.028537494
2019-01-27 00:00,0.02597253
2019-01-28 00:00,0.021369619
2019-01-29 00:00,0.022842971
2019-01-30 00:00,0.020922169
2019-01-31 00:00,0.017803802
2019-02-01 00:00,0.017034283
2019-02-02 00:00,0.016508334
2019-02-03 00:00,0.015902277
2019-02-04 00:00,0.015484013
2019-02-05 00:00,0.013123778
2019-02-06 00:00,0.011772388
2019-02-07 00:00,0.013353924
2019-02-08 00:00,0.015353048
2019-02-09 00:00,0.01695964
2019-02-10 00:00,0.020095983
2019-02-11 00:00,0.019209611
2019-02-12 00:00,0.018591441
2019-02-13 00:00,0.021904434
2019-02-14 00:00,0.024331849
2019-02-15 00:00,0.042981995
2019-02-16 00:00,0.046046302
2019-02-17 00:00,0.041205059
2019-02-18 00:00,0.045981679
2019-02-19 00:00,0.048377161
2019-02-20 00:00,0.042797389
2019-02-21 00:00,0.037979404
2019-02-22 00:00,0.037763633
2019-02-23 00:00,0.039086322
2019-02-24 00:00,0.046056547
2019-02-25 00:00,0.077396066
2019-02-26 00:00,0.096022986
2019-02-27 00:00,0.166350283
2019-02-28 00:00,0.254537963
2019-03-01 00:00,0.188304732
2019-03-02 00:00,0.151642712
2019-03-03 00:00,0.124348027
2019-03-04 00:00,0.109836649
2019-03-05 00:00,0.092023916
2019-03-06 00:00,0.081097112
2019-03-07 00:00,0.074161631
2019-03-08 00:00,0.071765601
2019-03-09 00:00,0.065912721
2019-03-10 00:00,0.06066588
2019-03-11 00:00,0.055426035
2019-03-12 00:00,0.05157608
2019-03-13 00:00,0.052386926
2019-03-14 00:00,0.05249836
2019-03-15 00:00,0.050633977
2019-03-16 00:00,0.048936252
2019-03-17 00:00,0.049530685
2019-03-18 00:00,0.050360238
2019-03-19 00:00,0.047132142
2019-03-20 00:00,0.049847169
2019-03-21 00:00,0.051943914
2019-03-22 00:00,0.05246886
2019-03-23 00:00,0.057954584
2019-03-24 00:00,0.05733969
2019-03-25 00:00,0.054252367
2019-03-26 00:00,0.051877685
2019-03-27 00:00,0.052638681
2019-03-28 00:00,0.064605431
2019-03-29 00:00,0.17589338
2019-03-30 00:00,0.229112486
2019-03-31 00:00,0.1668815
2019-04-01 00:00,0.13758447
2019-04-02 00:00,0.126253384
2019-04-03 00:00,0.116726545
2019-04-04 00:00,0.11785363
2019-04-05 00:00,
2019-04-06 00:00,
2019-04-07 00:00,
2019-04-08 00:00,
2019-04-09 00:00,
2019-04-10 00:00,
2019-04-11 00:00,
2019-04-12 00:00,
2019-04-13 00:00,
2019-04-14 00:00,
2019-04-15 00:00,
2019-04-16 00:00,
2019-04-17 00:00,
2019-04-18 00:00,
2019-04-19 00:00,
2019-04-20 00:00,
2019-04-21 00:00,
2019-04-22 00:00,
2019-04-23 00:00,
2019-04-24 00:00,
2019-04-25 00:00,
2019-04-26 00:00,
2019-04-27 00:00,
2019-04-28 00:00,
2019-04-29 00:00,
2019-04-30 00:00,
2019-05-01 00:00,
2019-05-02 00:00,
2019-05-03 00:00,
2019-05-04 00:00,
2019-05-05 00:00,
2019-05-06 00:00,
2019-05-07 00:00,6.521299026
2019-05-08 00:00,6.050690948
2019-05-09 00:00,4.34014236
2019-05-10 00:00,3.51972936
2019-05-11 00:00,3.045506003
2019-05-12 00:00,9.413575072
2019-05-13 00:00,6.754082795
2019-05-14 00:00,3.835745013
2019-05-15 00:00,2.927180549
2019-05-16 00:00,2.425547207
2019-05-17 00:00,2.098191201
2019-05-18 00:00,1.843391186
2019-05-19 00:00,1.619657398
2019-05-20 00:00,1.459760722
2019-05-21 00:00,1.329018072
2019-05-22 00:00,1.191289955
2019-05-23 00:00,1.386357183
2019-05-24 00:00,3.338931571
2019-05-25 00:00,2.365109866
2019-05-26 00:00,1.705318942
2019-05-27 00:00,1.302101346
2019-05-28 00:00,1.149524571
2019-05-29 00:00,1.210482297
2019-05-30 00:00,1.035038357
2019-05-31 00:00,3.54636403
2019-06-01 00:00,1.916318583
2019-06-02 00:00,1.263833542
2019-06-03 00:00,2.092313538
2019-06-04 00:00,2.907702753
2019-06-05 00:00,1.709402096
2019-06-06 00:00,1.187466689
2019-06-07 00:00,0.896532068
2019-06-08 00:00,0.722011312
2019-06-09 00:00,0.614814974
2019-06-10 00:00,0.505591347
2019-06-11 00:00,0.422227496
2019-06-12 00:00,0.367785492
2019-06-13 00:00,0.335926943
2019-06-14 00:00,0.298460689
2019-06-15 00:00,0.242203539
2019-06-16 00:00,0.184541922
2019-06-17 00:00,0.190340417
2019-06-18 00:00,0.24267555
2019-06-19 00:00,0.403381254
2019-06-20 00:00,0.37818648
2019-06-21 00:00,0.325406754
2019-06-22 00:00,0.48940055
2019-06-23 00:00,0.351259267
2019-06-24 00:00,0.16563038
2019-06-25 00:00,0.097510707
2019-06-26 00:00,0.076929924
2019-06-27 00:00,0.059595944
2019-06-28 00:00,0.0308883
2019-06-29 00:00,0.019919799
2019-06-30 00:00,0.048450442
2019-07-01 00:00,0.554211333
2019-07-02 00:00,0.164361573
2019-07-03 00:00,0.0630925
2019-07-04 00:00,0.026369992
2019-07-05 00:00,0.014702429
2019-07-06 00:00,0.16462473
2019-07-07 00:00,0.141146128
2019-07-08 00:00,0.369187143
2019-07-09 00:00,0.140640756
2019-07-10 00:00,0.049408965
2019-07-11 00:00,0.018421531
2019-07-12 00:00,0.009307531
2019-07-13 00:00,0.007106889
2019-07-14 00:00,0.006043288
2019-07-15 00:00,0.017189844
2019-07-16 00:00,0.079407952
2019-07-17 00:00,0.022681157
2019-07-18 00:00,0.013150995
2019-07-19 00:00,0.007894616
2019-07-20 00:00,0.002853436
2019-07-21 00:00,0
2019-07-22 00:00,0
2019-07-23 00:00,0
2019-07-24 00:00,0
2019-07-25 00:00,0
2019-07-26 00:00,0
2019-07-27 00:00,0
2019-07-28 00:00,0
2019-07-29 00:00,0
2019-07-30 00:00,0
2019-07-31 00:00,0
2019-08-01 00:00,0
2019-08-02 00:00,0
2019-08-03 00:00,0
2019-08-04 00:00,0
2019-08-05 00:00,0
2019-08-06 00:00,0
2019-08-07 00:00,0
2019-08-08 00:00,0
2019-08-09 00:00,0
2019-08-10 00:00,0
2019-08-11 00:00,0
2019-08-12 00:00,0
2019-08-13 00:00,0
2019-08-14 00:00,0
2019-08-15 00:00,0
2019-08-16 00:00,0
2019-08-17 00:00,0
2019-08-18 00:00,0
2019-08-19 00:00,2.910438177
2019-08-20 00:00,1.142033213
2019-08-21 00:00,0.444241801
2019-08-22 00:00,0.223214264
2019-08-23 00:00,0.220792421
2019-08-24 00:00,0.288858486
2019-08-25 00:00,0.196706964
2019-08-26 00:00,0.156054312
2019-08-27 00:00,0.106151604
2019-08-28 00:00,0.073851429
2019-08-29 00:00,0.058479975
2019-08-30 00:00,0.071876532
2019-08-31 00:00,0.050502591
2019-09-01 00:00,0.040619917
2019-09-02 00:00,0.120641489
2019-09-03 00:00,0.158680765
2019-09-04 00:00,0.086412522
2019-09-05 00:00,0.115338214
2019-09-06 00:00,0.189860206
2019-09-07 00:00,0.145004525
2019-09-08 00:00,0.234539181
2019-09-09 00:00,0.163883763
2019-09-10 00:00,0.119154257
2019-09-11 00:00,0.114326229
2019-09-12 00:00,0.1197575
2019-09-13 00:00,0.082457334
2019-09-14 00:00,0.056588884
2019-09-15 00:00,0.467030971
2019-09-16 00:00,0.634981665
2019-09-17 00:00,0.375168346
2019-09-18 00:00,0.253229901
2019-09-19 00:00,0.207780414
2019-09-20 00:00,0.158187128
2019-09-21 00:00,0.172858315
2019-09-22 00:00,0.144533765
2019-09-23 00:00,0.122513993
2019-09-24 00:00,0.113274712
2019-09-25 00:00,0.100486056
2019-09-26 00:00,0.086485378
2019-09-27 00:00,0.078289961
2019-09-28 00:00,0.076215927
2019-09-29 00:00,0.09019295
2019-09-30 00:00,0.123465886
2019-10-01 00:00,0.310520842
2019-10-02 00:00,0.836364977
2019-10-03 00:00,0.571744567
2019-10-04 00:00,0.371839367
2019-10-05 00:00,0.261242174
2019-10-06 00:00,0.199601569
2019-10-07 00:00,0.170675715
2019-10-08 00:00,0.157646439
2019-10-09 00:00,0.143279667
2019-10-10 00:00,0.146125214
2019-10-11 00:00,0.211503844
2019-10-12 00:00,0.192464409
2019-10-13 00:00,0.171939813
2019-10-14 00:00,0.150209948
2019-10-15 00:00,0.129924833
2019-10-16 00:00,0.124510561
2019-10-17 00:00,0.122682939
2019-10-18 00:00,0.131883444
2019-10-19 00:00,0.180090738
2019-10-20 00:00,0.179040674
2019-10-21 00:00,0.156477894
2019-10-22 00:00,0.151936012
2019-10-23 00:00,0.148147098
2019-10-24 00:00,0.153475629
2019-10-25 00:00,0.209141917
2019-10-26 00:00,0.790611926
2019-10-27 00:00,0.743173567
2019-10-28 00:00,0.46151294
2019-10-29 00:00,0.329639553
2019-10-30 00:00,0.25568239
2019-10-31 00:00,0.227875986
2019-11-01 00:00,0.198061551
2019-11-02 00:00,0.186536992
2019-11-03 00:00,0.170591818
2019-11-04 00:00,0.138755885
2019-11-05 00:00,0.113384383
2019-11-06 00:00,0.098362892
2019-11-07 00:00,0.091334938
2019-11-08 00:00,0.090090037
2019-11-09 00:00,0.083020063
2019-11-10 00:00,0.072753493
2019-11-11 00:00,0.079915707
2019-11-12 00:00,0.082836131
2019-11-13 00:00,0.115012185
2019-11-14 00:00,0.174659841
2019-11-15 00:00,0.146915446
2019-11-16 00:00,0.128118155
2019-11-17 00:00,0.120109719
2019-11-18 00:00,0.111230388
2019-11-19 00:00,0.170232798
2019-11-20 00:00,1.043485211
2019-11-21 00:00,1.000767308
2019-11-22 00:00,0.753193107
2019-11-23 00:00,0.825846925
2019-11-24 00:00,0.754829528
2019-11-25 00:00,0.780539287
2019-11-26 00:00,0.688725114
2019-11-27 00:00,0.547834929
2019-11-28 00:00,0.469602403
2019-11-29 00:00,0.400428692
2019-11-30 00:00,0.327554514
2019-12-01 00:00,0.289803182
2019-12-02 00:00,0.263085247
2019-12-03 00:00,0.244167489
2019-12-04 00:00,0.29451631
2019-12-05 00:00,0.345985996
2019-12-06 00:00,0.340435266
2019-12-07 00:00,0.297369502
2019-12-08 00:00,0.260809744
2019-12-09 00:00,0.237525707
2019-12-10 00:00,0.182520318
2019-12-11 00:00,0.176105663
2019-12-12 00:00,0.195602065
2019-12-13 00:00,0.311421593
2019-12-14 00:00,0.286435932
2019-12-15 00:00,0.265548727
2019-12-16 00:00,0.251268535
2019-12-17 00:00,0.236713575
2019-12-18 00:00,0.218520205
2019-12-19 00:00,0.192953592
2019-12-20 00:00,0.181331214
2019-12-21 00:00,0.18903298
2019-12-22 00:00,0.19283068
2019-12-23 00:00,0.188181908
2019-12-24 00:00,0.174331556
2019-12-25 00:00,0.163188094
2019-12-26 00:00,0.153500007
2019-12-27 00:00,0.139909697
2019-12-28 00:00,0.126787736
2019-12-29 00:00,0.141676655
2019-12-30 00:00,0.308488197
2019-12-31 00:00,0.479771993
2020-01-01 00:00,0.380635319
2020-01-02 00:00,0.363601936
2020-01-03 00:00,0.375321641
2020-01-04 00:00,0.345150128
2020-01-05 00:00,0.263943429
2020-01-06 00:00,0.245133893
2020-01-07 00:00,0.23458722
2020-01-08 00:00,0.242201243
2020-01-09 00:00,0.229926422
2020-01-10 00:00,0.202882688
2020-01-11 00:00,0.191533688
2020-01-12 00:00,0.19755354
2020-01-13 00:00,0.1818604
2020-01-14 00:00,0.168333211
2020-01-15 00:00,0.16925387
2020-01-16 00:00,0.15684108
2020-01-17 00:00,0.141330629
2020-01-18 00:00,0.14050857
2020-01-19 00:00,0.136605077
2020-01-20 00:00,0.141671843
2020-01-21 00:00,0.40825383
2020-01-22 00:00,0.358518146
2020-01-23 00:00,0.293493477
2020-01-24 00:00,0.278595383
2020-01-25 00:00,0.242083505
2020-01-26 00:00,0.21174122
2020-01-27 00:00,0.189002842
2020-01-28 00:00,0.186237667
2020-01-29 00:00,0.177059547
2020-01-30 00:00,0.166488885
2020-01-31 00:00,0.163135035
2020-02-01 00:00,0.171846791
2020-02-02 00:00,0.17651697
2020-02-03 00:00,0.157690267
2020-02-04 00:00,0.140401508
2020-02-05 00:00,0.130645651
2020-02-06 00:00,0.123794489
2020-02-07 00:00,0.113838673
2020-02-08 00:00,0.117416233
2020-02-09 00:00,0.128740293
2020-02-10 00:00,0.824092261
2020-02-11 00:00,1.097307856
2020-02-12 00:00,0.652404098
2020-02-13 00:00,0.464596499
2020-02-14 00:00,0.361165887
2020-02-15 00:00,0.325380684
2020-02-16 00:00,0.416473388
2020-02-17 00:00,1.296544468
2020-02-18 00:00,0.878738019
2020-02-19 00:00,0.62944445
2020-02-20 00:00,0.508949203
2020-02-21 00:00,0.508997904
2020-02-22 00:00,0.518404907
2020-02-23 00:00,0.692722018
2020-02-24 00:00,0.560152315
2020-02-25 00:00,0.49035091
2020-02-26 00:00,0.449463657
2020-02-27 00:00,0.404855024
2020-02-28 00:00,0.369047462
2020-02-29 00:00,0.348244041
2020-03-01 00:00,0.327118819
2020-03-02 00:00,0.296007342
2020-03-03 00:00,0.255690506
2020-03-04 00:00,0.239800684
2020-03-05 00:00,0.261174575
2020-03-06 00:00,0.248370593
2020-03-07 00:00,0.224760166
2020-03-08 00:00,0.22576271
2020-03-09 00:00,0.269882943
2020-03-10 00:00,0.305927503
2020-03-11 00:00,0.298870565
2020-03-12 00:00,0.293845263
2020-03-13 00:00,0.261155589
2020-03-14 00:00,0.220957301
2020-03-15 00:00,0.225501588
2020-03-16 00:00,0.225493205
2020-03-17 00:00,0.20906503
2020-03-18 00:00,0.20843532
2020-03-19 00:00,0.196123586
2020-03-20 00:00,0.176292379
2020-03-21 00:00,0.165307692
2020-03-22 00:00,0.158190194
2020-03-23 00:00,0.16026059
2020-03-24 00:00,0.164074372
2020-03-25 00:00,0.177577994
2020-03-26 00:00,0.219576107
2020-03-27 00:00,0.250116863
2020-03-28 00:00,0.310092828
2020-03-29 00:00,0.31809186
2020-03-30 00:00,0.299977022
2020-03-31 00:00,0.310278667
2020-04-01 00:00,0.312841622
2020-04-02 00:00,0.293939999
2020-04-03 00:00,0.271275939
2020-04-04 00:00,0.215182996
2020-04-05 00:00,0.183103177
2020-04-06 00:00,0.174013678
2020-04-07 00:00,0.183543945
2020-04-08 00:00,0.226052371
2020-04-09 00:00,0.401275908
2020-04-10 00:00,0.498399243
2020-04-11 00:00,0.493963725
2020-04-12 00:00,0.507079399
2020-04-13 00:00,0.510776735
2020-04-14 00:00,0.451776492
2020-04-15 00:00,0.459885961
2020-04-16 00:00,0.469036682
2020-04-17 00:00,0.477378293
2020-04-18 00:00,0.563611907
2020-04-19 00:00,0.999485459
2020-04-20 00:00,2.534945809
2020-04-21 00:00,3.809038328
2020-04-22 00:00,4.216426226
2020-04-23 00:00,4.230921314
2020-04-24 00:00,4.21145659
2020-04-25 00:00,3.866721598
2020-04-26 00:00,2.902567572
2020-04-27 00:00,2.7977782
2020-04-28 00:00,2.443757903
2020-04-29 00:00,2.116669114
2020-04-30 00:00,1.914891849
2020-05-01 00:00,1.851677133
2020-05-02 00:00,2.76306874
2020-05-03 00:00,4.815112708
2020-05-04 00:00,5.633922126
2020-05-05 00:00,5.752496763
2020-05-06 00:00,6.648949812
2020-05-07 00:00,5.962831481
2020-05-08 00:00,5.318692708
2020-05-09 00:00,5.875595316
2020-05-10 00:00,5.077548397
2020-05-11 00:00,4.333339589
2020-05-12 00:00,3.684945863
2020-05-13 00:00,3.414465191
2020-05-14 00:00,3.502142376
2020-05-15 00:00,3.400647535
2020-05-16 00:00,3.362114695
2020-05-17 00:00,3.527385772
2020-05-18 00:00,4.02806572
2020-05-19 00:00,4.43735898
2020-05-20 00:00,4.473896987
2020-05-21 00:00,4.544634119
2020-05-22 00:00,4.728021534
2020-05-23 00:00,4.801272011
2020-05-24 00:00,4.438101836
2020-05-25 00:00,3.573524736
2020-05-26 00:00,2.903926153
2020-05-27 00:00,2.417014386
2020-05-28 00:00,1.900908121
2020-05-29 00:00,1.612148689
2020-05-30 00:00,1.368895062
2020-05-31 00:00,1.180910649
2020-06-01 00:00,1.027945891
2020-06-02 00:00,0.901111991
2020-06-03 00:00,0.900044333
2020-06-04 00:00,0.742982243
2020-06-05 00:00,0.667246984
2020-06-06 00:00,0.811649231
2020-06-07 00:00,3.546790284
2020-06-08 00:00,1.744360548
2020-06-09 00:00,1.021915748
2020-06-10 00:00,0.745317177
2020-06-11 00:00,0.596234643
2020-06-12 00:00,0.483763717
2020-06-13 00:00,0.400712717
2020-06-14 00:00,0.332810252
2020-06-15 00:00,0.265616129
2020-06-16 00:00,0.217977648
2020-06-17 00:00,0.177843221
2020-06-18 00:00,0.177660119
2020-06-19 00:00,0.137316325
2020-06-20 00:00,0.092534787
2020-06-21 00:00,0.063305822
2020-06-22 00:00,0.041216782
2020-06-23 00:00,0.024937278
2020-06-24 00:00,0.017811269
2020-06-25 00:00,0.014613119
2020-06-26 00:00,0.01187803
2020-06-27 00:00,0.009947341
2020-06-28 00:00,0.008414781
2020-06-29 00:00,0.008865208
2020-06-30 00:00,0.00715575
2020-07-01 00:00,0.003473113
2020-07-02 00:00,0
2020-07-03 00:00,0.008791683
2020-07-04 00:00,0.165611041
2020-07-05 00:00,0.244161762
2020-07-06 00:00,0.152074003
2020-07-07 00:00,0.29434158
2020-07-08 00:00,0.207593949
2020-07-09 00:00,0.359595456
2020-07-10 00:00,0.633497748
2020-07-11 00:00,0.403665106
2020-07-12 00:00,0.309883971
2020-07-13 00:00,0.342678885
2020-07-14 00:00,0.248601772
2020-07-15 00:00,0.139738996
2020-07-16 00:00,0.096084264
2020-07-17 00:00,0.056374561
2020-07-18 00:00,0.033050632
2020-07-19 00:00,0.018760895
2020-07-20 00:00,0.010022931
2020-07-21 00:00,0.007686664
2020-07-22 00:00,0.013364723
2020-07-23 00:00,0.440914024
2020-07-24 00:00,0.727417049
2020-07-25 00:00,0.660204343
2020-07-26 00:00,0.527566453
2020-07-27 00:00,0.246228363
2020-07-28 00:00,0.20344386
2020-07-29 00:00,0.174585659
2020-07-30 00:00,0.738134071
2020-07-31 00:00,0.532302069
2020-08-01 00:00,0.222242036
2020-08-02 00:00,0.128800255
2020-08-03 00:00,0.084922321
2020-08-04 00:00,0.066621658
2020-08-05 00:00,0.041374938
2020-08-06 00:00,0.02401415
2020-08-07 00:00,0.01461703
2020-08-08 00:00,0.008089488
2020-08-09 00:00,0.003810339
2020-08-10 00:00,0.001999182
2020-08-11 00:00,0
2020-08-12 00:00,0.000717445
2020-08-13 00:00,0
2020-08-14 00:00,0
2020-08-15 00:00,0
2020-08-16 00:00,0
2020-08-17 00:00,0
2020-08-18 00:00,0
2020-08-19 00:00,0
2020-08-20 00:00,0
2020-08-21 00:00,0
2020-08-22 00:00,0
2020-08-23 00:00,0.014589405
2020-08-24 00:00,0.00060002
2020-08-25 00:00,0
2020-08-26 00:00,0
2020-08-27 00:00,0.001795752
2020-08-28 00:00,0
2020-08-29 00:00,0
2020-08-30 00:00,0
2020-08-31 00:00,0
2020-09-01 00:00,0
2020-09-02 00:00,0
2020-09-03 00:00,0
2020-09-04 00:00,0
2020-09-05 00:00,0
2020-09-06 00:00,0.004085181
2020-09-07 00:00,0
2020-09-08 00:00,0
2020-09-09 00:00,0
2020-09-10 00:00,0
2020-09-11 00:00,0
2020-09-12 00:00,0
2020-09-13 00:00,0
2020-09-14 00:00,0
2020-09-15 00:00,0
2020-09-16 00:00,1.230722605
2020-09-17 00:00,0.715443391
2020-09-18 00:00,0.273295951
2020-09-19 00:00,0.136183103
2020-09-20 00:00,0.087122351
2020-09-21 00:00,0.083911196
2020-09-22 00:00,0.064583319
2020-09-23 00:00,0.06773316
2020-09-24 00:00,0.08407876
2020-09-25 00:00,0.104324252
2020-09-26 00:00,0.176081722
2020-09-27 00:00,0.84390669
2020-09-28 00:00,0.572051676
2020-09-29 00:00,0.369751967
2020-09-30 00:00,0.291040369
2020-10-01 00:00,0.253298136
2020-10-02 00:00,0.227671687
2020-10-03 00:00,0.209291707
2020-10-04 00:00,0.193899634
2020-10-05 00:00,0.210012486
2020-10-06 00:00,0.580350075
2020-10-07 00:00,5.896027067
2020-10-08 00:00,3.340004955
2020-10-09 00:00,3.67384452
2020-10-10 00:00,8.58931922
2020-10-11 00:00,3.170536297
2020-10-12 00:00,2.663503069
2020-10-13 00:00,1.803292426
2020-10-14 00:00,1.410401008
2020-10-15 00:00,1.231833005
2020-10-16 00:00,1.206124052
2020-10-17 00:00,1.131395298
2020-10-18 00:00,1.048894137
2020-10-19 00:00,1.002493243
2020-10-20 00:00,0.941420958
2020-10-21 00:00,0.980310773
2020-10-22 00:00,1.038831313
2020-10-23 00:00,1.022345683
2020-10-24 00:00,0.922723783
2020-10-25 00:00,1.28065983
2020-10-26 00:00,5.228625112
2020-10-27 00:00,12.33601238
2020-10-28 00:00,8.186729636
2020-10-29 00:00,5.642532687
2020-10-30 00:00,3.274548144
2020-10-31 00:00,2.626511736
2020-11-01 00:00,3.076225441
2020-11-02 00:00,26.96772721
2020-11-03 00:00,10.62641504
2020-11-04 00:00,5.429822566
2020-11-05 00:00,4.720974328
2020-11-06 00:00,3.877154162
2020-11-07 00:00,3.298865612
2020-11-08 00:00,2.848120965
2020-11-09 00:00,2.582354281
2020-11-10 00:00,2.315523995
2020-11-11 00:00,2.231904089
2020-11-12 00:00,2.154751355
2020-11-13 00:00,2.082210289
2020-11-14 00:00,2.227720668
2020-11-15 00:00,2.481403793
2020-11-16 00:00,2.696159376
2020-11-17 00:00,3.879990237
2020-11-18 00:00,3.096448813
2020-11-19 00:00,3.013902059
2020-11-20 00:00,2.404791972
2020-11-21 00:00,2.060876299
2020-11-22 00:00,1.986493625
2020-11-23 00:00,1.936651205
2020-11-24 00:00,1.764296174
2020-11-25 00:00,1.993809578
2020-11-26 00:00,2.94679004
2020-11-27 00:00,2.019985664
2020-11-28 00:00,1.643371728
2020-11-29 00:00,1.506717994
2020-11-30 00:00,1.43572838
2020-12-01 00:00,1.361610503
2020-12-02 00:00,1.228658021
2020-12-03 00:00,1.238500555
2020-12-04 00:00,1.225954296
2020-12-05 00:00,1.209004326
2020-12-06 00:00,3.377171939
2020-12-07 00:00,5.338810368
2020-12-08 00:00,4.438480765
2020-12-09 00:00,3.015997712
2020-12-10 00:00,2.720587549
2020-12-11 00:00,2.546535109
2020-12-12 00:00,2.119870299
2020-12-13 00:00,1.866609254
2020-12-14 00:00,1.713036278
2020-12-15 00:00,1.628254533
2020-12-16 00:00,1.532539127
2020-12-17 00:00,1.378238495
2020-12-18 00:00,1.330415078
2020-12-19 00:00,1.304073215
2020-12-20 00:00,1.861188724
2020-12-21 00:00,3.130914178
2020-12-22 00:00,2.559040205
2020-12-23 00:00,2.553812446
2020-12-24 00:00,2.327480423
2020-12-25 00:00,1.840182362
2020-12-26 00:00,1.591827411
2020-12-27 00:00,1.501821768
2020-12-28 00:00,1.969691263
2020-12-29 00:00,1.738668109
2020-12-30 00:00,1.547961579
2020-12-31 00:00,1.383963896
2021-01-01 00:00,1.270797422
2021-01-02 00:00,1.157006818
2021-01-03 00:00,1.057178812
2021-01-04 00:00,0.956649613
2021-01-05 00:00,0.84247843
2021-01-06 00:00,0.799230263
2021-01-07 00:00,0.805339158
2021-01-08 00:00,0.819593256
2021-01-09 00:00,0.816132305
2021-01-10 00:00,0.820810142
2021-01-11 00:00,0.819212654
2021-01-12 00:00,0.81714013
2021-01-13 00:00,0.778965955
2021-01-14 00:00,0.723067831
2021-01-15 00:00,0.70146233
2021-01-16 00:00,0.690156407
2021-01-17 00:00,0.674317648
2021-01-18 00:00,0.652224757
2021-01-19 00:00,0.609730167
2021-01-20 00:00,0.599129299
2021-01-21 00:00,0.602238765
2021-01-22 00:00,0.611624837
2021-01-23 00:00,0.61244763
2021-01-24 00:00,0.586260669
2021-01-25 00:00,0.570493723
2021-01-26 00:00,0.555182045
2021-01-27 00:00,0.541367185
2021-01-28 00:00,0.535454664
2021-01-29 00:00,0.517572221
2021-01-30 00:00,0.505608436
2021-01-31 00:00,0.505052681
2021-02-01 00:00,0.49128627
2021-02-02 00:00,0.458003049
2021-02-03 00:00,0.440604854
2021-02-04 00:00,0.429949688
2021-02-05 00:00,0.422639861
2021-02-06 00:00,0.411863568
2021-02-07 00:00,0.40781934
2021-02-08 00:00,0.410200374
2021-02-09 00:00,0.406228635
2021-02-10 00:00,0.395642717
2021-02-11 00:00,0.375261336
2021-02-12 00:00,0.36991723
2021-02-13 00:00,0.365550611
2021-02-14 00:00,0.356684849
2021-02-15 00:00,0.351004825
2021-02-16 00:00,0.347380511
2021-02-17 00:00,0.324317378
2021-02-18 00:00,0.318900341
2021-02-19 00:00,0.31850067
2021-02-20 00:00,0.317971699
2021-02-21 00:00,0.30960608
2021-02-22 00:00,0.299932197
2021-02-23 00:00,0.298050516
2021-02-24 00:00,0.304705389
2021-02-25 00:00,0.460296166
2021-02-26 00:00,0.975015579
2021-02-27 00:00,0.794315432
2021-02-28 00:00,0.663284511
2021-03-01 00:00,0.803799679
2021-03-02 00:00,0.874697269
2021-03-03 00:00,0.800043225
2021-03-04 00:00,0.699811851
2021-03-05 00:00,0.624592636
2021-03-06 00:00,0.606091784
2021-03-07 00:00,0.575015666
2021-03-08 00:00,0.510202885
2021-03-09 00:00,0.481121218
2021-03-10 00:00,0.435497955
2021-03-11 00:00,0.437806157
2021-03-12 00:00,0.449555429
2021-03-13 00:00,0.440310764
2021-03-14 00:00,0.413240628
2021-03-15 00:00,0.395495303
2021-03-16 00:00,0.375352991
2021-03-17 00:00,0.357279815
2021-03-18 00:00,0.350466324
2021-03-19 00:00,0.336515502
2021-03-20 00:00,0.353846405
2021-03-21 00:00,0.366599408
2021-03-22 00:00,0.36062794
2021-03-23 00:00,0.358816082
2021-03-24 00:00,0.402401093
2021-03-25 00:00,0.480725891
2021-03-26 00:00,0.540648885
2021-03-27 00:00,0.616545461
2021-03-28 00:00,0.818856912
2021-03-29 00:00,1.044434206
2021-03-30 00:00,1.078001943
2021-03-31 00:00,1.460902862
2021-04-01 00:00,1.53445032
2021-04-02 00:00,1.469585983
2021-04-03 00:00,1.365537579
2021-04-04 00:00,1.482115534
2021-04-05 00:00,1.979349302
2021-04-06 00:00,1.590365636
2021-04-07 00:00,1.309220839
2021-04-08 00:00,1.168431702
2021-04-09 00:00,1.154013986
2021-04-10 00:00,1.051279199
2021-04-11 00:00,0.951548525
2021-04-12 00:00,0.946727435
2021-04-13 00:00,0.961842302
2021-04-14 00:00,0.927844714
2021-04-15 00:00,0.945398219
2021-04-16 00:00,1.107571031
2021-04-17 00:00,1.749285233
2021-04-18 00:00,2.951380478
2021-04-19 00:00,4.132685744
2021-04-20 00:00,5.009368765
2021-04-21 00:00,5.34842475
2021-04-22 00:00,4.936878298
2021-04-23 00:00,4.059948905
2021-04-24 00:00,3.009035937
2021-04-25 00:00,2.488628683
2021-04-26 00:00,2.231410628
2021-04-27 00:00,2.117987841
2021-04-28 00:00,2.059686762
2021-04-29 00:00,1.981263696
2021-04-30 00:00,2.070940684
2021-05-01 00:00,2.209094161
2021-05-02 00:00,2.120982505
2021-05-03 00:00,2.385138111
2021-05-04 00:00,2.936666032
2021-05-05 00:00,3.361374526
2021-05-06 00:00,2.961473034
2021-05-07 00:00,2.55231991
2021-05-08 00:00,2.735639913
2021-05-09 00:00,3.798889025
2021-05-10 00:00,5.696918573
2021-05-11 00:00,8.753389977
2021-05-12 00:00,15.10476039
2021-05-13 00:00,19.07787693
2021-05-14 00:00,17.16857957
2021-05-15 00:00,12.80567612
2021-05-16 00:00,10.80812923
2021-05-17 00:00,8.969670751
2021-05-18 00:00,12.7060103
2021-05-19 00:00,6.873644012
2021-05-20 00:00,5.10347342
2021-05-21 00:00,4.736838259
2021-05-22 00:00,6.700904582
2021-05-23 00:00,6.150825382
2021-05-24 00:00,4.684526463
2021-05-25 00:00,3.714880754
2021-05-26 00:00,3.106455677
2021-05-27 00:00,2.661188343
2021-05-28 00:00,2.29824973
2021-05-29 00:00,2.03053024
2021-05-30 00:00,1.850255872
2021-05-31 00:00,1.646892066
2021-06-01 00:00,1.454114607
2021-06-02 00:00,1.293526869
2021-06-03 00:00,1.158350071
2021-06-04 00:00,1.080255707
2021-06-05 00:00,1.161992754
2021-06-06 00:00,1.267157595
2021-06-07 00:00,1.057020653
2021-06-08 00:00,0.921802487
2021-06-09 00:00,0.799110103
2021-06-10 00:00,0.721514528
2021-06-11 00:00,0.610560427
2021-06-12 00:00,1.944732426
2021-06-13 00:00,1.221537234
2021-06-14 00:00,0.860415021
2021-06-15 00:00,5.729845206
2021-06-16 00:00,1.953748838
2021-06-17 00:00,1.2473431
2021-06-18 00:00,1.128795472
2021-06-19 00:00,0.994862649
2021-06-20 00:00,2.388274742
2021-06-21 00:00,4.960266175
2021-06-22 00:00,4.934305951
2021-06-23 00:00,3.034350068
2021-06-24 00:00,1.680543863
2021-06-25 00:00,1.233349504
2021-06-26 00:00,0.997027825
2021-06-27 00:00,0.827868347
2021-06-28 00:00,0.675988466
2021-06-29 00:00,0.549353094
2021-06-30 00:00,0.456754608
2021-07-01 00:00,0.36627046
2021-07-02 00:00,0.294120635
2021-07-03 00:00,0.214935163
2021-07-04 00:00,0.145480136
2021-07-05 00:00,0.094731541
2021-07-06 00:00,0.06209326
2021-07-07 00:00,0.044793863
2021-07-08 00:00,0.040157835
2021-07-09 00:00,0.030016508
2021-07-10 00:00,0.023606391
2021-07-11 00:00,1.060457857
2021-07-12 00:00,0.72022548
2021-07-13 00:00,0.262492401
2021-07-14 00:00,0.134140902
2021-07-15 00:00,0.153975201
2021-07-16 00:00,0.107427021
2021-07-17 00:00,0.04587464
2021-07-18 00:00,1.431416338
2021-07-19 00:00,0.455402206
2021-07-20 00:00,0.205870667
2021-07-21 00:00,0.102989898
2021-07-22 00:00,0.052489274
2021-07-23 00:00,0.026726339
2021-07-24 00:00,0.019257522
2021-07-25 00:00,0.014807831
2021-07-26 00:00,0.01316333
2021-07-27 00:00,0.00080603
2021-07-28 00:00,0
2021-07-29 00:00,0
2021-07-30 00:00,0.050155523
2021-07-31 00:00,0.413716068
2021-08-01 00:00,0.157506136
2021-08-02 00:00,0.051069343
2021-08-03 00:00,0.012167844
2021-08-04 00:00,0.004085092
2021-08-05 00:00,0
2021-08-06 00:00,0
2021-08-07 00:00,0
2021-08-08 00:00,0
2021-08-09 00:00,0.048079012
2021-08-10 00:00,0.269844765
2021-08-11 00:00,0.353549554
2021-08-12 00:00,0.151316932
2021-08-13 00:00,0.062545202
2021-08-14 00:00,0.144890408
2021-08-15 00:00,0.270168612
2021-08-16 00:00,0.352917256
2021-08-17 00:00,0.215294459
2021-08-18 00:00,3.500687517
2021-08-19 00:00,2.083639648
2021-08-20 00:00,1.094878401
2021-08-21 00:00,0.680611865
2021-08-22 00:00,0.567441203
2021-08-23 00:00,0.38658465
2021-08-24 00:00,0.333894918
2021-08-25 00:00,4.996180112
2021-08-26 00:00,5.059459985
2021-08-27 00:00,2.087519865
2021-08-28 00:00,1.134244185
2021-08-29 00:00,0.761287824
2021-08-30 00:00,0.578706492
2021-08-31 00:00,0.444628149
2021-09-01 00:00,0.350254285
2021-09-02 00:00,0.385809533
2021-09-03 00:00,0.429695043
2021-09-04 00:00,0.340284339
2021-09-05 00:00,0.271310244
2021-09-06 00:00,0.233015838
2021-09-07 00:00,0.247600489
2021-09-08 00:00,0.250190052
2021-09-09 00:00,0.189231831
2021-09-10 00:00,0.165330955
2021-09-11 00:00,0.373547191
2021-09-12 00:00,0.462306951
2021-09-13 00:00,0.550950216
2021-09-14 00:00,0.324662811
2021-09-15 00:00,0.230097451
2021-09-16 00:00,0.210608182
2021-09-17 00:00,0.207088635
2021-09-18 00:00,0.206930898
2021-09-19 00:00,0.224472276
2021-09-20 00:00,0.192616036
2021-09-21 00:00,0.193092875
2021-09-22 00:00,0.228117072
2021-09-23 00:00,4.706783488
2021-09-24 00:00,6.967135873
2021-09-25 00:00,4.834742895
2021-09-26 00:00,2.206285669
2021-09-27 00:00,1.517730728
2021-09-28 00:00,1.236854265
2021-09-29 00:00,1.073599594
2021-09-30 00:00,0.998355546
2021-10-01 00:00,1.053769766
2021-10-02 00:00,1.479282437
2021-10-03 00:00,1.308737279
2021-10-04 00:00,1.738636401
2021-10-05 00:00,1.690480421
2021-10-06 00:00,7.945287502
2021-10-07 00:00,7.408792789
2021-10-08 00:00,3.256194991
2021-10-09 00:00,2.49868029
2021-10-10 00:00,2.136474683
2021-10-11 00:00,2.364367932
2021-10-12 00:00,1.959945533
2021-10-13 00:00,1.650225022
2021-10-14 00:00,1.645776365
2021-10-15 00:00,3.599103534
2021-10-16 00:00,3.582811318
2021-10-17 00:00,2.60016255
2021-10-18 00:00,2.792678032
2021-10-19 00:00,2.146751592
2021-10-20 00:00,7.85588872
2021-10-21 00:00,5.842751222
2021-10-22 00:00,3.459239368
2021-10-23 00:00,2.554451996
2021-10-24 00:00,2.486060488
2021-10-25 00:00,3.992393354
2021-10-26 00:00,3.708505437
2021-10-27 00:00,4.232025917
2021-10-28 00:00,4.693269144
2021-10-29 00:00,4.596205617
2021-10-30 00:00,6.447936465
2021-10-31 00:00,6.514787109
2021-11-01 00:00,7.457705046
2021-11-02 00:00,5.092070113
2021-11-03 00:00,4.257561709
2021-11-04 00:00,5.913648715
2021-11-05 00:00,6.258211632
2021-11-06 00:00,4.157864521
2021-11-07 00:00,3.241697256
2021-11-08 00:00,2.701235683
2021-11-09 00:00,2.488429303
2021-11-10 00:00,2.398492797
2021-11-11 00:00,2.261949343
2021-11-12 00:00,2.08094418
2021-11-13 00:00,1.882604495
2021-11-14 00:00,1.733989693
2021-11-15 00:00,1.700834292
2021-11-16 00:00,1.656052869
2021-11-17 00:00,1.6621572
2021-11-18 00:00,1.973189023
2021-11-19 00:00,1.689994831
2021-11-20 00:00,1.516667118
2021-11-21 00:00,1.345964532
2021-11-22 00:00,1.206149904
2021-11-23 00:00,1.147517686
2021-11-24 00:00,1.145944262
2021-11-25 00:00,1.135346058
2021-11-26 00:00,1.059603914
2021-11-27 00:00,0.937503994
2021-11-28 00:00,0.923675341
2021-11-29 00:00,0.90504486
2021-11-30 00:00,0.89196379
2021-12-01 00:00,0.834500526
2021-12-02 00:00,0.743017673
2021-12-03 00:00,0.708238544
2021-12-04 00:00,0.702745094
2021-12-05 00:00,0.665965001
2021-12-06 00:00,0.630496236
2021-12-07 00:00,0.61414461
2021-12-08 00:00,0.591991328
2021-12-09 00:00,0.578983606
2021-12-10 00:00,0.594792177
2021-12-11 00:00,0.590588179
2021-12-12 00:00,0.58424432
2021-12-13 00:00,0.581845083
2021-12-14 00:00,0.580565464
2021-12-15 00:00,0.573693434
2021-12-16 00:00,0.553146463
2021-12-17 00:00,0.524494007
2021-12-18 00:00,0.639372952
2021-12-19 00:00,0.668440689
2021-12-20 00:00,0.552430157
2021-12-21 00:00,0.48638165
2021-12-22 00:00,0.415233973
2021-12-23 00:00,0.41694627
2021-12-24 00:00,0.395804077
2021-12-25 00:00,0.35244213
2021-12-26 00:00,0.333745343
2021-12-27 00:00,0.286996
2021-12-28 00:00,0.262774141
2021-12-29 00:00,0.270778917
2021-12-30 00:00,0.279640669
2021-12-31 00:00,0.28050118
2022-01-01 00:00,0.255586713
2022-01-02 00:00,0.253946595
2022-01-03 00:00,0.260544636
2022-01-04 00:00,0.265255522
2022-01-05 00:00,0.266537074
2022-01-06 00:00,0.258811119
2022-01-07 00:00,0.247043019
2022-01-08 00:00,0.22980512
2022-01-09 00:00,0.215171273
2022-01-10 00:00,0.195798186
2022-01-11 00:00,0.19606933
2022-01-12 00:00,0.208062418
2022-01-13 00:00,0.327141098
2022-01-14 00:00,0.298531488
2022-01-15 00:00,0.258721251
2022-01-16 00:00,0.279529138
2022-01-17 00:00,0.27452493
2022-01-18 00:00,0.252636485
2022-01-19 00:00,0.275621507
2022-01-20 00:00,0.272766886
2022-01-21 00:00,0.249988713
2022-01-22 00:00,0.23844501
2022-01-23 00:00,0.236820292
2022-01-24 00:00,0.231176774
2022-01-25 00:00,0.225709953
2022-01-26 00:00,0.228358937
2022-01-27 00:00,0.226524802
2022-01-28 00:00,0.209630096
2022-01-29 00:00,0.210320828
2022-01-30 00:00,0.202796464
2022-01-31 00:00,0.192323581
2022-02-01 00:00,0.183072712
2022-02-02 00:00,0.168188628
2022-02-03 00:00,0.157924977
2022-02-04 00:00,0.161171957
2022-02-05 00:00,0.161189639
2022-02-06 00:00,0.164582959
2022-02-07 00:00,0.158411653
2022-02-08 00:00,0.158658715
2022-02-09 00:00,0.161600572
2022-02-10 00:00,0.16097666
2022-02-11 00:00,0.155578605
2022-02-12 00:00,0.155657846
2022-02-13 00:00,0.158996611
2022-02-14 00:00,0.154328266
2022-02-15 00:00,0.15440761
2022-02-16 00:00,0.156966132
2022-02-17 00:00,0.157728248
2022-02-18 00:00,0.153700908
2022-02-19 00:00,0.149326457
2022-02-20 00:00,0.145411428
2022-02-21 00:00,0.143936087
2022-02-22 00:00,0.140322833
2022-02-23 00:00,0.137601747
2022-02-24 00:00,0.141423927
2022-02-25 00:00,0.1354685
2022-02-26 00:00,0.129516935
2022-02-27 00:00,0.132846016
2022-02-28 00:00,0.135227523
2022-03-01 00:00,0.139336076
2022-03-02 00:00,0.142932974
2022-03-03 00:00,0.139713085
2022-03-04 00:00,0.140852711
2022-03-05 00:00,0.146734694
2022-03-06 00:00,0.148730157
2022-03-07 00:00,0.145993169
2022-03-08 00:00,0.146718864
2022-03-09 00:00,0.145855549
2022-03-10 00:00,0.14897477
2022-03-11 00:00,0.148927612
2022-03-12 00:00,0.151764259
2022-03-13 00:00,0.15355868
2022-03-14 00:00,0.156072368
2022-03-15 00:00,0.157461323
2022-03-16 00:00,0.157626514
2022-03-17 00:00,0.158701566
2022-03-18 00:00,0.160843378
2022-03-19 00:00,0.16708869
2022-03-20 00:00,0.22574172
2022-03-21 00:00,0.310257881
2022-03-22 00:00,0.355044913
2022-03-23 00:00,0.348084236
2022-03-24 00:00,0.757484925
2022-03-25 00:00,0.823533488
2022-03-26 00:00,0.891952051
2022-03-27 00:00,0.734627095
2022-03-28 00:00,0.628192198
2022-03-29 00:00,0.498932885
2022-03-30 00:00,0.439410526
2022-03-31 00:00,0.388208932
2022-04-01 00:00,0.349344944
2022-04-02 00:00,0.333085482
2022-04-03 00:00,0.320892321
2022-04-04 00:00,0.310406625
2022-04-05 00:00,0.300523966
2022-04-06 00:00,0.287158869
2022-04-07 00:00,0.274344874
2022-04-08 00:00,0.279989664
2022-04-09 00:00,0.283785481
2022-04-10 00:00,0.268522694
2022-04-11 00:00,0.254998451
2022-04-12 00:00,0.249712304
2022-04-13 00:00,0.271057738
2022-04-14 00:00,0.319363728
2022-04-15 00:00,0.334511764
2022-04-16 00:00,0.33483555
2022-04-17 00:00,0.603484079
2022-04-18 00:00,1.722862609
2022-04-19 00:00,3.289528734
2022-04-20 00:00,4.131785729
2022-04-21 00:00,5.419081709
2022-04-22 00:00,6.687402093
2022-04-23 00:00,6.171438027
2022-04-24 00:00,5.04567208
2022-04-25 00:00,5.319101051
2022-04-26 00:00,4.406394374
2022-04-27 00:00,2.87377137
2022-04-28 00:00,2.333361973
2022-04-29 00:00,1.984681948
2022-04-30 00:00,2.095564655
2022-05-01 00:00,2.714904708
2022-05-02 00:00,4.181942456
2022-05-03 00:00,3.246605735
2022-05-04 00:00,2.462240741
2022-05-05 00:00,2.871533211
2022-05-06 00:00,3.823098418
2022-05-07 00:00,4.182682852
2022-05-08 00:00,2.973617381
2022-05-09 00:00,2.552175181
2022-05-10 00:00,2.788453028
2022-05-11 00:00,3.450675561
2022-05-12 00:00,3.428999014
2022-05-13 00:00,3.099194234
2022-05-14 00:00,2.336089534
2022-05-15 00:00,1.893006944
2022-05-16 00:00,1.515330555
2022-05-17 00:00,1.32575315
2022-05-18 00:00,1.165477888
2022-05-19 00:00,1.073351871
2022-05-20 00:00,0.968829312
2022-05-21 00:00,0.870063147
2022-05-22 00:00,0.760053225
2022-05-23 00:00,0.672193247
2022-05-24 00:00,0.594458356
2022-05-25 00:00,0.528801456
2022-05-26 00:00,0.723044684
2022-05-27 00:00,0.721148456
2022-05-28 00:00,0.749521582
2022-05-29 00:00,0.830933615
2022-05-30 00:00,0.624997442
2022-05-31 00:00,0.526628442
2022-06-01 00:00,0.749602941
2022-06-02 00:00,1.020555365
2022-06-03 00:00,1.364618078
2022-06-04 00:00,1.308773429
2022-06-05 00:00,0.692928769
2022-06-06 00:00,0.468828096
2022-06-07 00:00,0.35584548
2022-06-08 00:00,0.278784859
2022-06-09 00:00,0.520814785
2022-06-10 00:00,0.41257073
2022-06-11 00:00,0.289032225
2022-06-12 00:00,0.249986865
2022-06-13 00:00,0.208256697
2022-06-14 00:00,0.14690766
2022-06-15 00:00,0.104541067
2022-06-16 00:00,0.076485647
2022-06-17 00:00,0.054442053
2022-06-18 00:00,0.419458121
2022-06-19 00:00,9.735738368
2022-06-20 00:00,2.753220198
2022-06-21 00:00,1.23632804
2022-06-22 00:00,0.797108814
2022-06-23 00:00,0.719515666
2022-06-24 00:00,0.528341634
2022-06-25 00:00,0.361738923
2022-06-26 00:00,0.269842738
2022-06-27 00:00,0.188034972
2022-06-28 00:00,0.121959361
2022-06-29 00:00,0.075537848
2022-06-30 00:00,0.04976044
2022-07-01 00:00,0.025425141
2022-07-02 00:00,0.02021542
2022-07-03 00:00,0.01675764
2022-07-04 00:00,0.014346068
2022-07-05 00:00,2.489822461
2022-07-06 00:00,0.83252631
2022-07-07 00:00,0.372544454
2022-07-08 00:00,0.20672644
2022-07-09 00:00,0.132632453
2022-07-10 00:00,4.441330578
2022-07-11 00:00,2.007095278
2022-07-12 00:00,0.797383332
2022-07-13 00:00,0.440931232
2022-07-14 00:00,2.751414736
2022-07-15 00:00,4.747237931
2022-07-16 00:00,3.593381211
2022-07-17 00:00,1.942846306
2022-07-18 00:00,1.18433897
2022-07-19 00:00,0.806755384
2022-07-20 00:00,0.574492235
2022-07-21 00:00,0.495070645
2022-07-22 00:00,0.408216176
2022-07-23 00:00,0.291548142
2022-07-24 00:00,0.233281622
2022-07-25 00:00,0.235224635
2022-07-26 00:00,0.494195072
2022-07-27 00:00,0.54986288
2022-07-28 00:00,0.302396847
2022-07-29 00:00,0.201804924
2022-07-30 00:00,0.144780596
2022-07-31 00:00,0.107522287
2022-08-01 00:00,0.095821115
2022-08-02 00:00,0.592758991
2022-08-03 00:00,0.382084423
2022-08-04 00:00,0.257002785
2022-08-05 00:00,0.143356934
2022-08-06 00:00,1.340693636
2022-08-07 00:00,1.704100103
2022-08-08 00:00,0.62115214
2022-08-09 00:00,0.354794031
2022-08-10 00:00,0.343602358
2022-08-11 00:00,0.224970424
2022-08-12 00:00,0.121889081
2022-08-13 00:00,0.182825783
2022-08-14 00:00,0.209373613
2022-08-15 00:00,0.106108889
2022-08-16 00:00,0.062029453
2022-08-17 00:00,0.130681797
2022-08-18 00:00,0.248516062
2022-08-19 00:00,0.118924301
2022-08-20 00:00,0.353126273
2022-08-21 00:00,1.300479933
2022-08-22 00:00,0.672841871
2022-08-23 00:00,0.285711066
2022-08-24 00:00,0.165680574
2022-08-25 00:00,0.116151203
2022-08-26 00:00,0.08060657
2022-08-27 00:00,0.099919216
2022-08-28 00:00,0.093477555
2022-08-29 00:00,0.047045699
2022-08-30 00:00,0.026089972
2022-08-31 00:00,0.032763915
2022-09-01 00:00,0.033043048
2022-09-02 00:00,0.025937978
2022-09-03 00:00,0.031077591
2022-09-04 00:00,0.021277225
2022-09-05 00:00,0.018533552
2022-09-06 00:00,0.014608058
2022-09-07 00:00,0.013220835
2022-09-08 00:00,0.012926544
2022-09-09 00:00,0.014892114
2022-09-10 00:00,0.012106936
2022-09-11 00:00,0.011161085
2022-09-12 00:00,0.009487543
2022-09-13 00:00,0.009094199
2022-09-14 00:00,0.043816915
2022-09-15 00:00,0.395756717
2022-09-16 00:00,1.794227702
2022-09-17 00:00,2.682670883
2022-09-18 00:00,2.546969846
2022-09-19 00:00,2.253151557
2022-09-20 00:00,1.180246662
2022-09-21 00:00,0.728136305
2022-09-22 00:00,0.541908532
2022-09-23 00:00,0.466459238
2022-09-24 00:00,0.727345341
2022-09-25 00:00,0.905088791
2022-09-26 00:00,0.806260563
2022-09-27 00:00,0.622276765
2022-09-28 00:00,0.502811064
2022-09-29 00:00,0.456059082
2022-09-30 00:00,0.412409424
2022-10-01 00:00,0.38849669
2022-10-02 00:00,0.377613311
2022-10-03 00:00,0.361722906
2022-10-04 00:00,0.342052049
2022-10-05 00:00,1.605673159
2022-10-06 00:00,3.300073966
2022-10-07 00:00,1.714447476
2022-10-08 00:00,2.149909488
2022-10-09 00:00,1.270585279
2022-10-10 00:00,0.967894857
2022-10-11 00:00,1.018785688
2022-10-12 00:00,0.912458645
2022-10-13 00:00,0.772511939
2022-10-14 00:00,0.731493006
2022-10-15 00:00,0.779024981
2022-10-16 00:00,1.512677613
2022-10-17 00:00,1.569815398
2022-10-18 00:00,1.093893244
2022-10-19 00:00,0.880596392
2022-10-20 00:00,0.770723309
2022-10-21 00:00,0.70276787
2022-10-22 00:00,0.681264884
2022-10-23 00:00,0.625297556
2022-10-24 00:00,0.560171827
2022-10-25 00:00,0.654523217
2022-10-26 00:00,0.766374827
2022-10-27 00:00,0.941356693
2022-10-28 00:00,1.177838754
2022-10-29 00:00,1.050332187
2022-10-30 00:00,0.844673803
2022-10-31 00:00,0.715778735
2022-11-01 00:00,0.652181583
2022-11-02 00:00,0.662222042
2022-11-03 00:00,0.899839803
2022-11-04 00:00,0.978613834
2022-11-05 00:00,0.877077225
2022-11-06 00:00,1.19535361
2022-11-07 00:00,1.210235861
2022-11-08 00:00,0.946895034
2022-11-09 00:00,0.798583922
2022-11-10 00:00,0.724513608
2022-11-11 00:00,1.491940129
2022-11-12 00:00,1.614601789
2022-11-13 00:00,1.160859147
2022-11-14 00:00,0.959396908
2022-11-15 00:00,0.839821544
2022-11-16 00:00,0.7351122
2022-11-17 00:00,0.64560473
2022-11-18 00:00,0.5815001
2022-11-19 00:00,0.547557492
2022-11-20 00:00,0.543346369
2022-11-21 00:00,0.514459932
2022-11-22 00:00,0.4807884
2022-11-23 00:00,0.435769565
2022-11-24 00:00,0.400089953
2022-11-25 00:00,0.39326831
2022-11-26 00:00,0.406515768
2022-11-27 00:00,0.404748632
2022-11-28 00:00,0.401543959
2022-11-29 00:00,0.394392549
2022-11-30 00:00,0.392772687
2022-12-01 00:00,0.386576303
2022-12-02 00:00,0.368360202
2022-12-03 00:00,0.346317256
2022-12-04 00:00,0.332639145
2022-12-05 00:00,0.320184692
2022-12-06 00:00,0.318791401
2022-12-07 00:00,0.275551534
2022-12-08 00:00,0.248246536
2022-12-09 00:00,0.25681967
2022-12-10 00:00,0.254961803
2022-12-11 00:00,0.253764817
2022-12-12 00:00,0.250280123
2022-12-13 00:00,0.252392403
2022-12-14 00:00,0.24141287
2022-12-15 00:00,0.211513829
2022-12-16 00:00,0.191178949
2022-12-17 00:00,0.178903479
2022-12-18 00:00,0.174903987
2022-12-19 00:00,0.177508346
2022-12-20 00:00,0.182589064
2022-12-21 00:00,0.191884964
2022-12-22 00:00,0.195179719
2022-12-23 00:00,0.185382182
2022-12-24 00:00,0.172829093
2022-12-25 00:00,0.157256521
2022-12-26 00:00,0.156576872
2022-12-27 00:00,0.165235593
2022-12-28 00:00,0.167200992
2022-12-29 00:00,0.160492523
2022-12-30 00:00,0.165217449
2022-12-31 00:00,0.172998597
2023-01-01 00:00,0.171026979
2023-01-02 00:00,0.157586405
2023-01-03 00:00,0.148785568
2023-01-04 00:00,0.138959981
2023-01-05 00:00,0.132438346
2023-01-06 00:00,0.128252059
2023-01-07 00:00,0.129517218
2023-01-08 00:00,0.133852992
2023-01-09 00:00,0.134729547
2023-01-10 00:00,0.136676755
2023-01-11 00:00,0.144228363
2023-01-12 00:00,0.210661024
2023-01-13 00:00,0.324160823
2023-01-14 00:00,0.245569707
2023-01-15 00:00,0.216375993
2023-01-16 00:00,0.20230788
2023-01-17 00:00,0.183935328
2023-01-18 00:00,0.179419623
2023-01-19 00:00,0.174843265
2023-01-20 00:00,0.169152197
2023-01-21 00:00,0.163846927
2023-01-22 00:00,0.162201624
2023-01-23 00:00,0.159893885
2023-01-24 00:00,0.158463146
2023-01-25 00:00,0.408536615
2023-01-26 00:00,0.856667073
2023-01-27 00:00,0.56872197
2023-01-28 00:00,0.433763255
2023-01-29 00:00,0.371785631
2023-01-30 00:00,0.34457277
2023-01-31 00:00,0.298319411
2023-02-01 00:00,0.267562909
2023-02-02 00:00,0.237356222
2023-02-03 00:00,0.212382608
2023-02-04 00:00,0.189616377
2023-02-05 00:00,0.179248717
2023-02-06 00:00,0.167923959
2023-02-07 00:00,0.163583154
2023-02-08 00:00,0.163901747
2023-02-09 00:00,0.170800789
2023-02-10 00:00,0.168579109
2023-02-11 00:00,0.162119719
2023-02-12 00:00,0.159593046
2023-02-13 00:00,0.15500672
2023-02-14 00:00,0.151548444
2023-02-15 00:00,0.153417308
2023-02-16 00:00,0.156620897
2023-02-17 00:00,0.156857393
2023-02-18 00:00,0.158288704
2023-02-19 00:00,0.155672333
2023-02-20 00:00,0.15606712
2023-02-21 00:00,0.149318459
2023-02-22 00:00,0.146741831
2023-02-23 00:00,0.150249145
2023-02-24 00:00,0.145400994
2023-02-25 00:00,0.139275714
2023-02-26 00:00,0.134845409
2023-02-27 00:00,0.144565938
2023-02-28 00:00,0.181609868
2023-03-01 00:00,0.169372599
2023-03-02 00:00,0.173672894
2023-03-03 00:00,0.169704265
2023-03-04 00:00,0.16882929
2023-03-05 00:00,0.164514705
2023-03-06 00:00,0.161128089
2023-03-07 00:00,0.156038328
2023-03-08 00:00,0.15028519
2023-03-09 00:00,0.14368664
2023-03-10 00:00,0.13698929
2023-03-11 00:00,0.13177339
2023-03-12 00:00,0.126004486
2023-03-13 00:00,0.123475317
2023-03-14 00:00,0.122816932
2023-03-15 00:00,0.114884792
2023-03-16 00:00,0.109284678
2023-03-17 00:00,0.109779587
2023-03-18 00:00,0.12436962
2023-03-19 00:00,0.132654601
2023-03-20 00:00,0.1258624
2023-03-21 00:00,0.12255166
2023-03-22 00:00,0.124394765
2023-03-23 00:00,0.124420339
2023-03-24 00:00,0.124076929
2023-03-25 00:00,0.119583432
2023-03-26 00:00,0.114712436
2023-03-27 00:00,0.110491944
2023-03-28 00:00,0.104522466
2023-03-29 00:00,0.099579727
2023-03-30 00:00,0.097969377
2023-03-31 00:00,0.096495913
2023-04-01 00:00,0.092233129
2023-04-02 00:00,0.089089697
2023-04-03 00:00,0.090016046
2023-04-04 00:00,0.091393165
2023-04-05 00:00,0.091292747
2023-04-06 00:00,0.090739251
2023-04-07 00:00,0.102857074
2023-04-08 00:00,0.11771894
2023-04-09 00:00,0.141585303
2023-04-10 00:00,0.20070791
2023-04-11 00:00,0.296909246
2023-04-12 00:00,0.407347059
2023-04-13 00:00,0.58214186
2023-04-14 00:00,0.49289722
2023-04-15 00:00,0.417569459
2023-04-16 00:00,0.381669796
2023-04-17 00:00,0.525116933
2023-04-18 00:00,1.072490255
2023-04-19 00:00,2.181587774
2023-04-20 00:00,5.067808061
2023-04-21 00:00,6.321718728
2023-04-22 00:00,5.784576613
2023-04-23 00:00,3.892173207
2023-04-24 00:00,2.573810942
2023-04-25 00:00,2.011803282
2023-04-26 00:00,3.792236563
2023-04-27 00:00,5.703851855
2023-04-28 00:00,4.222233923
2023-04-29 00:00,3.78991058
2023-04-30 00:00,3.912410822
2023-05-01 00:00,4.161402249
2023-05-02 00:00,4.462905622
2023-05-03 00:00,3.983429627
2023-05-04 00:00,2.929315296
2023-05-05 00:00,2.529374066
2023-05-06 00:00,2.914060856
2023-05-07 00:00,4.390689597
2023-05-08 00:00,7.835726653
2023-05-09 00:00,9.841153179
2023-05-10 00:00,11.42045865
2023-05-11 00:00,10.00524804
2023-05-12 00:00,8.380116362
2023-05-13 00:00,6.152584311
2023-05-14 00:00,4.642810557
2023-05-15 00:00,3.534799595
2023-05-16 00:00,2.867123042
2023-05-17 00:00,3.587745782
2023-05-18 00:00,3.021192209
2023-05-19 00:00,2.204613864
2023-05-20 00:00,1.819906442
2023-05-21 00:00,1.563782814
2023-05-22 00:00,1.344710319
2023-05-23 00:00,1.204392678
2023-05-24 00:00,1.20133952
2023-05-25 00:00,1.232783435
2023-05-26 00:00,1.001205334
2023-05-27 00:00,0.932623968
2023-05-28 00:00,0.964726317
2023-05-29 00:00,0.817900726
2023-05-30 00:00,0.777254973
2023-05-31 00:00,0.673359888
2023-06-01 00:00,0.6599002
2023-06-02 00:00,0.678177868
2023-06-03 00:00,0.593735584
2023-06-04 00:00,0.521615916
2023-06-05 00:00,0.426809416
2023-06-06 00:00,0.373220133
2023-06-07 00:00,0.338584745
2023-06-08 00:00,0.296737377
2023-06-09 00:00,0.260251959
2023-06-10 00:00,0.21255458
2023-06-11 00:00,0.177490592
2023-06-12 00:00,0.138579821
2023-06-13 00:00,0.099185111
2023-06-14 00:00,0.061855784
2023-06-15 00:00,0.032934223
2023-06-16 00:00,0.017805189
2023-06-17 00:00,0.014267046
2023-06-18 00:00,0.010977735
2023-06-19 00:00,0.008262065
2023-06-20 00:00,0.007075261
2023-06-21 00:00,0.003540803
2023-06-22 00:00,0.007569337
2023-06-23 00:00,0.172826757
2023-06-24 00:00,0.116641538
2023-06-25 00:00,0.039997378
2023-06-26 00:00,0.016755458
2023-06-27 00:00,0.007479458
2023-06-28 00:00,0.008754215
2023-06-29 00:00,0.009849742
2023-06-30 00:00,0.005887835
2023-07-01 00:00,0.003399652
2023-07-02 00:00,0.003515582
2023-07-03 00:00,0
2023-07-04 00:00,0.022578147
2023-07-05 00:00,0.21368434
2023-07-06 00:00,0.060296546
2023-07-07 00:00,0.024472039
2023-07-08 00:00,0.010928986
2023-07-09 00:00,0.003527344
2023-07-10 00:00,0
2023-07-11 00:00,0
2023-07-12 00:00,0
2023-07-13 00:00,0
2023-07-14 00:00,0
2023-07-15 00:00,0
2023-07-16 00:00,0
2023-07-17 00:00,0
2023-07-18 00:00,0
2023-07-19 00:00,0
2023-07-20 00:00,0
2023-07-21 00:00,0.340929333
2023-07-22 00:00,0.28318235
2023-07-23 00:00,0.240342802
2023-07-24 00:00,0.237242102
2023-07-25 00:00,0.238418603
2023-07-26 00:00,0.190044809
2023-07-27 00:00,0.146049602
2023-07-28 00:00,0.072649962
2023-07-29 00:00,0.118686839
2023-07-30 00:00,0.066775671
2023-07-31 00:00,0.033120835
2023-08-01 00:00,0.03111685
2023-08-02 00:00,0.156402877
2023-08-03 00:00,2.01994582
2023-08-04 00:00,1.780585471
2023-08-05 00:00,1.197939909
2023-08-06 00:00,0.460229671
2023-08-07 00:00,0.279517618
2023-08-08 00:00,0.205347079
2023-08-09 00:00,0.131440264
2023-08-10 00:00,0.117187863
2023-08-11 00:00,0.422682225
2023-08-12 00:00,1.982036853
2023-08-13 00:00,1.356357504
2023-08-14 00:00,2.746072332
2023-08-15 00:00,1.227049302
2023-08-16 00:00,4.602107319
2023-08-17 00:00,4.972720591
2023-08-18 00:00,1.743144912
2023-08-19 00:00,1.007098981
2023-08-20 00:00,0.666243443
2023-08-21 00:00,0.573316091
2023-08-22 00:00,0.663727167
2023-08-23 00:00,0.672180226
2023-08-24 00:00,1.083155343
2023-08-25 00:00,1.638903136
2023-08-26 00:00,1.00139426
2023-08-27 00:00,0.607713384
2023-08-28 00:00,0.510986742
2023-08-29 00:00,1.084821099
2023-08-30 00:00,0.783785271
2023-08-31 00:00,0.626208464
2023-09-01 00:00,0.632636224
2023-09-02 00:00,0.628977771
2023-09-03 00:00,0.583513819
2023-09-04 00:00,0.452762721
2023-09-05 00:00,0.336574876
2023-09-06 00:00,0.249097281
2023-09-07 00:00,0.20957352
2023-09-08 00:00,0.181080285
2023-09-09 00:00,0.174361628
2023-09-10 00:00,0.164602938
2023-09-11 00:00,0.140806341
2023-09-12 00:00,0.188540668
2023-09-13 00:00,0.236662633
2023-09-14 00:00,0.150698205
2023-09-15 00:00,0.177781207
2023-09-16 00:00,0.245154174
2023-09-17 00:00,0.1944584
2023-09-18 00:00,0.138313321
2023-09-19 00:00,0.37590081
2023-09-20 00:00,0.639417247
2023-09-21 00:00,0.540364963
2023-09-22 00:00,0.563634076
2023-09-23 00:00,0.631433213
2023-09-24 00:00,0.548166118
2023-09-25 00:00,0.46279128
2023-09-26 00:00,0.473641173
2023-09-27 00:00,0.447736157
2023-09-28 00:00,0.730977834
2023-09-29 00:00,1.016800793
2023-09-30 00:00,0.872852893
2023-10-01 00:00,0.716238665
2023-10-02 00:00,0.549039693
2023-10-03 00:00,0.49013297
2023-10-04 00:00,0.452168298
2023-10-05 00:00,0.397333915
2023-10-06 00:00,0.382248176
2023-10-07 00:00,0.447451144
2023-10-08 00:00,0.400879528
2023-10-09 00:00,0.373582983
2023-10-10 00:00,0.355900426
2023-10-11 00:00,1.460129497
2023-10-12 00:00,1.52392421
2023-10-13 00:00,0.957059676
2023-10-14 00:00,1.70904529
2023-10-15 00:00,2.840374449
2023-10-16 00:00,1.435089002
2023-10-17 00:00,0.998048514
2023-10-18 00:00,0.813289966
2023-10-19 00:00,0.706257292
2023-10-20 00:00,0.633892653
2023-10-21 00:00,0.575462957
2023-10-22 00:00,0.535905114
2023-10-23 00:00,0.516740296
2023-10-24 00:00,0.492695518
2023-10-25 00:00,0.47985333
2023-10-26 00:00,0.475669195
2023-10-27 00:00,0.465452149
2023-10-28 00:00,0.445282983
2023-10-29 00:00,0.421662358
2023-10-30 00:00,0.375204111
2023-10-31 00:00,0.333065966
2023-11-01 00:00,0.328000712
2023-11-02 00:00,0.324906058
2023-11-03 00:00,0.316710799
2023-11-04 00:00,0.345882406
2023-11-05 00:00,0.53406267
2023-11-06 00:00,0.633687672
2023-11-07 00:00,0.587107034
2023-11-08 00:00,0.530089382
2023-11-09 00:00,0.496750571
2023-11-10 00:00,0.479471307
2023-11-11 00:00,0.440664033
2023-11-12 00:00,0.40183187
2023-11-13 00:00,0.40847411
2023-11-14 00:00,0.396995701
2023-11-15 00:00,0.312368404
2023-11-16 00:00,0.177684705
2023-11-17 00:00,0.118670265
2023-11-18 00:00,
2023-11-19 00:00,
2023-11-20 00:00,
2023-11-21 00:00,
2023-11-22 00:00,
2023-11-23 00:00,
2023-11-24 00:00,
2023-11-25 00:00,
2023-11-26 00:00,
2023-11-27 00:00,
2023-11-28 00:00,
2023-11-29 00:00,
2023-11-30 00:00,
2023-12-01 00:00,
2023-12-02 00:00,
2023-12-03 00:00,
2023-12-04 00:00,
2023-12-05 00:00,
2023-12-06 00:00,
2023-12-07 00:00,
2023-12-08 00:00,
2023-12-09 00:00,
2023-12-10 00:00,
2023-12-11 00:00,
2023-12-12 00:00,
2023-12-13 00:00,
2023-12-14 00:00,
2023-12-15 00:00,
2023-12-16 00:00,
2023-12-17 00:00,
2023-12-18 00:00,
2023-12-19 00:00,
2023-12-20 00:00,
2023-12-21 00:00,
2023-12-22 00:00,
2023-12-23 00:00,
2023-12-24 00:00,
2023-12-25 00:00,
2023-12-26 00:00,
2023-12-27 00:00,
2023-12-28 00:00,
2023-12-29 00:00,
2023-12-30 00:00,
2023-12-31 00:00,