TITLE: Chemical variables - Stream from Risbäcken, north-eastern Sweden.
SITES STATION: Svartberget Research Station
TIME PERIOD: YYYY-MM-DD - YYYY-MM-DD
TIME RESOLUTION: IRREGULAR
TIME ZONE: UTC +1
SAMPLING POINT: Risbäcken, Catchment 1
LATITUDE: 64.248505
LONGITUDE: 19.808051
Altitude: 220.8 m a.s.l.

FILE RETRIEVED FROM: https://data.fieldsites.se
DATA POLICY: SITES data is licensed under a Creative Commons Attribution 4.0 international license (http://creativecommons.org/licenses/by/4.0/).

PARAMETERS & UNITS: pH (dimensionless), SCOND (µS cm-1 @ 25°C), DOC (mg C L-1), TOT-N (mg N L-1), PO4-P (µg P L-1), NH4-N (µg N L-1), NO2/NO3-N (µg N L-1), SO4-S (µg S L-1), F (µg L-1), Br (µg L-1), Cl (µg L-1), Al (µg L-1), B (µg L-1), Ca (µg L-1), Fe (µg L-1), K (µg L-1), Mg (µg L-1), Mn (µg L-1), Na (µg L-1), P (µg L-1), S (µg L-1), Si (µg L-1), Zn (µg L-1), ABS (dimensionless), 18O (%vsVSMOW), 2H (%vsVSMOW)

COMMENTS: Stream order: 1, Catchment area: 0.066 km2

METHODS AND DETECTION LIMITS:
pH and SCOND Method: pH and conductivity with 2 point calibration: 4.01 and 7.0 pH. Sample automatically heated to 25 °C. Instrument: Mettler toledo Dgi117-water, glass electrode with sensor chip. pH measurement on water sample that was filled completely in the field and capped until analysis.
DOC (mg C L-1) and TOT-N (mg N L-1) Method: SS-EN 1484; Instrument: Shimadzu TOC-VCPH, equipped with a TNM-1 unit and an ASI-V autosampler; Detection limit: 0.5 mg C L-1; Measurements on filtered water (pore size: 0.45 µm). 
PO4-P (µg P L-1) Method: Bran & Leubbe Method G-287-03; Instrument: Autoanalyzer 3 HR from Seal Analytical (2011); Detection limit: 0.4 µg P L-1; Measurements on filtered water (pore size: 0.45 µm). 
NH4-N (µg N L-1) Method: Bran & Leubbe Method G-171-96; Instrument: Autoanalyzer 3 HR from Seal Analytical (2011); Detection limit: 0.3 µg N L-1; Measurements on filtered water (pore size: 0.45 µm). 
Sum of NO3-N and NO2-N (µg N L-1) Method: SS-EN ISO 13 395 for Bran & Leubbe Method G-284-08 Rev. 4; Instrument: Autoanalyzer 3 HR from Seal Analytical (2011); Detection limit: 0.4 µg N L-1; Measurements on filtered water (pore size: 0.45 µm).
SO4-S (µg S L-1); F (µg L-1); Cl (µg L-1): Method: SS-EN ISO 10304-1:2007; Instrument: Modular IC (Methrom), equipped with an auto sampler, guard column (Dionex IonPacTM AG22) followed by an anion-exchange column (Dionex IonPacTM AS22), CO2-suppressor and a conductivity detector; Detection limits: SO4-S 100 µg L-1; F 200 µg L-1 ; Cl 200 µg L-1; Measurements on filtered water (pore size: 0.45 µm).
Cations: Method: 2011-2017: SS-EN ISO 11885:2009; Instrument: ICP-AES Inductively coupled plasma atomic emission spectroscopy (Spectro Ciros); Detection limits: Al = 1 µg L-1; K = 60 µg L-1; S = 30 µg L-1; B = 8 µg L-1; Mg = 1 µg L-1; Zn = 1 µg L-1; Ca = 20 µg L-1; Mn = 1 µg L-1; Si = 20 µg L-1; Cu = 3 µg L-1; Na = 10 µg L-1; Fe = 20 µg L-1; P = 20 µg L-1; Measurements on filtered water (pore size: 0.45 µm).
Cations: Method: 2018-: ISO 17294-2:2016, Instrument: ELEMENT 2, ThermoScientific; Detection limits: Al = 0.2 µg L-1; K = 5 µg L-1; S = 5 µg L-1; B = 0.08 µg L-1; Mg = 0.1 µg L-1; Zn = 0.04 µg L-1; Ca = 2.74 µg L-1; Mn = 0.01 µg L-1; Si = 1.8 µg L-1; Cu = 0.01 µg L-1; Na = 10 µg L-1; Fe = 0.11 µg L-1; P = 0.2 µg L-1; Measurements on filtered water (pore size: 0.45 µm).
Absorbance: Method: 2011-2016: SS-EN ISO 7887, Instrument: Varian Cary 50 UV-Vis spectrophotometer equipped with a Varian SPS3 sample preparation system and a 5 mm flow cuvette; Measured: Spectral scan (240-800 nm); Measurements on filtered water (pore size: 0.45 µm). 
Absorbance: Method: 2017-2022: Instrument: HORIBA Aqualog with a 10 mm cuvette; Backup instrument (used mid 2017 to 2017-12-09): Varian Cary 50 UV-Vis spectrophotometer equipped with a Varian SPS3 sample preparation system and a 5 mm flow cuvette (recalculated to 10 mm); Measured: Spectral scan (240-800 nm); Measurements on filtered water (pore size: 0.45 µm). 
Absorbance: Method: 2023-: Instrument: Shimadzu UV-1900i with a 10 mm through flow cuvette; Measured: Spectral scan (220-900 nm); Measurements on filtered water (pore size: 0.45 µm). 
18O & 2H (%vsVSMOW): Method: Samples analyzed four times, then averaged after corrections according to van Geldern and Barth (2012, doi:10.4319/lom.2012.10.1024); Instrument: Picarro cavity ringdown laser spectrometer (L2130-i) with a vaporizer module (A0211); Signatures calibrated using 4 inhouse laboratory standards which in turn have been calibrated against VSMOW, GISP and SLAP. Accepted st.dev of control samples were 0.15‰ for 18O and 0.3‰ for 2H.

PARAMETER AND COLUMN INFO:
TIMESTAMP – Time in [YYYY-MM-DD (hh:mm)] UTC+1.
pH - pH (dimensionless).
SCOND - Specific Conductivity (µS cm-1 @ 25°C).
DOC - Dissolved organic Carbon (C part of DOC, mg C L-1). 
TOT-N - Total Nitrogen (mg N L-1). 
PO4-P - Phosphate-P (P part of PO4, µg P L-1). 
NH4-N - Ammonium-N (N part of NH4, µg N L-1). 
NO2/NO3-N - Nitrite-N/Nitrate-N (N part of NO2 and NO3, µg N L-1). 
SO4-S - Sulphate-S (S part of SO4, µg S L-1). 
F - Flourine (µg L-1). 
Br - Bromine (µg L-1). 
Cl - Chlorine (µg L-1). 
Al - Aluminium (µg L-1). 
B - Boron (µg L-1). 
Ca - Calcium (µg L-1). 
Fe - Iron (µg L-1). 
K - Potassium (µg L-1). 
Mg - Magnesium (µg L-1). 
Mn - Mangan (µg L-1). 
Na - Sodium (µg L-1). 
P - Phosphorus (µg L-1). 
S - Sulphur (µg L-1). 
Si - Silicon (µg L-1). 
Zn - Zinc (µg L-1). 
ABS254nm - Absorbance at 254nm wavelength (dimensionless). 
ABS365nm - Absorbance at 365nm wavelength (dimensionless). 
ABS420nm - Absorbance at 420nm wavelength (dimensionless). 
ABS436nm - Absorbance at 436nm wavelength (dimensionless). 
ABS440nm - Absorbance at 440nm wavelength (dimensionless). 
18O - Proportion Oxygen-18 in Water (%vsVSMOW).
2H - Proportion Deuterium in Water (%vsVSMOW).
####
TIMESTAMP,pH,SCOND,DOC,TOT-N,PO4-P,NH4-N,NO2/NO3-N,SO4-S,F,Br,Cl,Al,B,Ca,Fe,K,Mg,Mn,Na,P,S,Si,Zn,ABS254nm,ABS365nm,ABS420nm,ABS436nm,ABS440nm,18O,2H
2011-01-18 11:00,5.56,NaN,12.08,0.4417,3.66,107.95,54.61,2413,LOD,LOD,995,374,NaN,2612,1599,524,954,167,2419,49,2602,NaN,5,NaN,NaN,NaN,NaN,NaN,-13.20302,-95.025799
2011-02-21 13:46,5.97,NaN,10.98,0.4439,3.18,57.44,80.27,2393,LOD,LOD,994,285,NaN,2541,650,488,924,32,2278,48,2566,NaN,14,NaN,NaN,NaN,NaN,NaN,-13.257387,-95.065664
2011-03-21 12:05,6.05,NaN,11.11,0.4212,2.78,66.76,111.61,2384,LOD,LOD,966,271,NaN,2649,515,460,952,36,2251,33,2561,NaN,5,NaN,NaN,NaN,NaN,NaN,-13.213263,-94.953446
2011-04-04 15:23,5.82,NaN,10.96,0.6431,4.17,63.99,97.05,2365,LOD,LOD,973,248,NaN,2450,442,460,927,31,2215,32,2364,NaN,6,NaN,NaN,NaN,NaN,NaN,-13.285374,-95.297247
2011-04-11 14:00,5.47,24.2,15.29,0.4076,5.26,20.14,44.39,1936,LOD,LOD,991,411,NaN,2521,984,666,949,35,2113,23.0772,2181,NaN,7,NaN,NaN,NaN,NaN,NaN,-13.495132,-96.960473
2011-04-14 14:06,5.2,24.8,23.44,0.526,4.2,24.09,28.44,1799,LOD,LOD,965,551,NaN,2444,1384,721,957,57,1909,30.7046,2057,NaN,12,NaN,NaN,NaN,NaN,NaN,-13.608555,-97.930654
2011-04-18 11:11,4.53,25,25.72,0.5704,2.87,22.33,65.22,1455,LOD,LOD,776,605,NaN,2202,1335,806,763,84,1590,31.1156,1785,NaN,12,NaN,NaN,NaN,NaN,NaN,-13.79883,-99.72336
2011-04-21 11:25,4.94,24.24,23.15,0.583,2.39,19.2,109.76,1657,LOD,LOD,750,590,NaN,2166,1256,566,793,75,1681,32.3658,1933,NaN,10,NaN,NaN,NaN,NaN,NaN,-13.690556,-98.901593
2011-04-25 12:25,4.77,15.53,21.47,0.5826,3.16,22.14,166.1,1395,LOD,LOD,632,615,NaN,1942,1173,420,708,73,1558,28.1661,1692,NaN,15,NaN,NaN,NaN,NaN,NaN,-13.691862,-98.897155
2011-05-02 13:18,5.19,21.86,19.13,0.5209,3.42,24.72,107.27,1663,LOD,LOD,716,495,NaN,2042,1082,477,806,43,1681,NaN,1924,NaN,10,NaN,NaN,NaN,NaN,NaN,-13.643433,-98.314525
2011-05-09 14:27,5.3,20.93,17.92,0.4592,1.33,28.56,76.13,1593,LOD,LOD,691,448,NaN,1902,1030,496,787,32,1699,NaN,1809,NaN,6,NaN,NaN,NaN,NaN,NaN,-13.449227,-97.130266
2011-05-23 15:45,5.4,NaN,19.62,0.4964,1.41,19.98,77.52,1742,LOD,LOD,750,475,NaN,2079,972,435,857,25,1746,NaN,2009,NaN,6,NaN,NaN,NaN,NaN,NaN,-13.274778,-95.370891
2011-06-07 13:50,5.42,23.43,17.42,0.3919,3.38,17.96,75.29,1980,LOD,LOD,784,443,NaN,2281,663,432,920,23,1941,NaN,2315,NaN,6,NaN,NaN,NaN,NaN,NaN,-13.356741,-95.947479
2011-06-21 13:27,5.6,24.2,15.97,0.4044,0.76,16.91,34.59,2019,LOD,LOD,854,437,NaN,2297,651,456,927,19,1991,NaN,2367,NaN,6,NaN,NaN,NaN,NaN,NaN,-13.53253,-97.119323
2011-07-04 11:23,5.61,25.03,17.37,0.4436,2.7,17.03,40.23,2062,LOD,LOD,883,469,NaN,2339,817,426,949,28,2023,NaN,2239,NaN,5,NaN,NaN,NaN,NaN,NaN,-13.310697,-95.967162
2011-07-18 15:30,5.84,26.38,14.49,0.3964,3.93,23.52,41.82,2262,LOD,LOD,998,399,NaN,2642,885,496,947,40,2209,NaN,2415,NaN,9,NaN,NaN,NaN,NaN,NaN,-13.301791,-95.793792
2011-08-02 12:00,NaN,NaN,NaN,NaN,NaN,NaN,NaN,NaN,NaN,NaN,NaN,NaN,NaN,NaN,NaN,NaN,NaN,NaN,NaN,NaN,NaN,NaN,NaN,NaN,NaN,NaN,NaN,NaN,NaN,NaN
2011-08-15 10:50,5.99,29.32,17.4733,0.5531,2.42,65.85,44.46,2180,LOD,LOD,975,408,NaN,2984,1599,574,1020,67,2240,NaN,2414,NaN,17,NaN,NaN,NaN,NaN,NaN,-13.111951,-94.446218
2011-08-31 13:15,5.79,27.53,22.44,0.4713,5.39,25.35,44.86,1965,LOD,LOD,1009,562,NaN,2803,1193,510,1055,30,2198,NaN,2207,NaN,7,NaN,NaN,NaN,NaN,NaN,-13.083829,-93.685213
2011-09-13 12:00,4.98,30.1,33.51,0.6811,4.59,21.01,30.3,1883,LOD,LOD,1184,679,NaN,2713,1699,372,1109,33,2112,NaN,2127,NaN,7,NaN,NaN,NaN,NaN,NaN,-12.377622,-87.842464
2011-09-28 11:57,4.93,27.27,31.95,0.5873,5.01,32.62,54.28,1695,LOD,LOD,1134,725,NaN,2697,1676,365,1007,37,1923,NaN,2002,NaN,11,NaN,NaN,NaN,NaN,NaN,-12.233447,-87.474466
2011-10-10 09:29,5.14,25.09,27.1,0.5455,4.68,33.6,43.82,643,LOD,LOD,461,747,NaN,2596,1703,347,1016,33,2010,NaN,1977,NaN,9,NaN,NaN,NaN,NaN,NaN,-12.553785,-89.691209
2011-10-25 13:12,5.17,24.1,22.09,0.5135,5.5,41.85,51.71,1717,LOD,LOD,1179,651,NaN,2402,1485,319,963,33,1960,NaN,2005,NaN,6,NaN,NaN,NaN,NaN,NaN,-12.53687,-89.974675
2011-11-08 11:25,5.25,24.52,23.08,0.5638,4.43,36.97,42.12,1579,LOD,LOD,1141,631,NaN,2288,1566,363,926,30,1922,NaN,1837,NaN,5,NaN,NaN,NaN,NaN,NaN,-12.637401,-90.477543
2011-11-28 11:45,5.38,30.88,20.79,0.4391,4.2,19.26,39.48,1476,LOD,LOD,1080,657,NaN,2657,1659,404,1045,33,2078,NaN,2192,NaN,6,NaN,NaN,NaN,NaN,NaN,-11.931867,-88.576072
2011-12-20 13:30,5.22,30.66,20.93,0.4455,7.31,43.47,57.03,1654,LOD,LOD,1120,635,NaN,2352,1485,370,935,30,1859,NaN,2040,NaN,7,NaN,NaN,NaN,NaN,NaN,-12.625859,-90.41447
2012-01-19 13:00,5.67,29.57,16.65,0.4007,1.83,14.49,43.72,1745.9097,LOD,LOD,1007.5367,594,NaN,2385,1419,487,933,25,2091,53,2073,NaN,8,NaN,NaN,NaN,NaN,NaN,-12.811075,-92.013448
2012-02-14 12:34,5.82,31.4,14.44,0.4005,5.7,18.17,42.63,1868.1017,LOD,LOD,987.3896,492,NaN,2354,1099,498,936,33,2100,45,2116,NaN,3,NaN,NaN,NaN,NaN,NaN,-12.52727,-91.416007
2012-03-13 13:30,5.83,30.68,16.44,0.3538,5.13,14.76,42.32,1781.2525,LOD,LOD,951.2804,551,NaN,2345,1328,524,939,19,2069,NaN,2057,NaN,5,NaN,NaN,NaN,NaN,NaN,-12.82714,-92.414291
2012-03-27 12:30,5.46,17.99,22.47,0.4589,4.02,11.17,25.91,1322.3327,LOD,LOD,823.8511,682,NaN,2256,1892,467,914,23,1844,49,1578,NaN,5,NaN,NaN,NaN,NaN,NaN,-13.026809,-93.718324
2012-04-02 12:25,5.3,30.18,20.8,0.3815,3.6,11.66,32.19,1496.0942,LOD,LOD,822.9074,717,NaN,2342,1776,438,914,23,1878,43,1854,NaN,7,NaN,NaN,NaN,NaN,NaN,-12.869972,-92.597578
2012-04-10 11:15,5.56,29.9,17.34,0.3968,2.05,15.58,41.95,1694.3538,LOD,LOD,856.6573,466,NaN,2202,1163,509,904,19,2021,NaN,1964,NaN,4,NaN,NaN,NaN,NaN,NaN,-12.274072,-90.90702
2012-04-17 11:00,5.47,29.44,19.06,0.3945,4.41,12.97,38.6,1588.9689,LOD,LOD,895.4807,489,NaN,2046,1240,545,866,19,1967,NaN,1796,NaN,6,NaN,NaN,NaN,NaN,NaN,-12.534949,-91.826258
2012-04-26 12:30,5.08,28.29,24.06,0.4577,0.03,10.37,30.94,1281.1887,LOD,LOD,830.7131,588,NaN,2055,1397,499,846,21,1789,NaN,1529,NaN,5,NaN,NaN,NaN,NaN,NaN,-13.071235,-94.435022
2012-04-30 11:20,4.77,28.99,25.51,0.5995,2.6,10.32,86.6,1216.8422,LOD,LOD,788.5403,582,NaN,1752,1084,512,730,22,1527,NaN,1342,NaN,10,NaN,NaN,NaN,NaN,NaN,-13.301467,-97.30941
2012-05-03 11:20,4.72,28.7,24.1,0.5322,2.49,11.41,95.15,1083.6475,LOD,LOD,723.1701,560,NaN,1638,988,497,662,20,1396,NaN,1267,NaN,17,NaN,NaN,NaN,NaN,NaN,-13.366024,-98.217955
2012-05-07 13:30,4.76,28.09,22.63,0.5107,3.22,9.93,112.03,1213.267,LOD,LOD,745.9889,567,NaN,1685,976,468,676,19,1466,NaN,1407,NaN,4,NaN,NaN,NaN,NaN,NaN,-12.885566,-95.845777
2012-05-10 14:35,4.7,27.49,22.06,0.4751,3.05,9.8,76.27,1021.6357,LOD,LOD,610.6623,535,NaN,1577,941,487,625,19,1342,NaN,1257,NaN,9,NaN,NaN,NaN,NaN,NaN,-13.40727,-98.390834
2012-05-14 11:35,4.69,25.87,20.33,0.446,1.74,9.4,83.03,980.1495,LOD,LOD,586.5196,498,NaN,1407,840,442,548,18,1215,NaN,1207,NaN,6,NaN,NaN,NaN,NaN,NaN,-13.314339,-98.760209
2012-05-18 13:50,4.62,25.82,NaN,NaN,5.99,10.68,89.81,940.6057,LOD,LOD,554.0368,517,NaN,1342,841,374,507,19,1155,NaN,1136,NaN,8,NaN,NaN,NaN,NaN,NaN,-13.598757,-99.489187
2012-05-22 10:35,4.72,26.09,20.51,0.4552,3.46,11.17,91.7,1069.7884,LOD,LOD,584.3229,501,NaN,1384,874,341,532,18,1223,NaN,1223,NaN,10,NaN,NaN,NaN,NaN,NaN,-13.50396,-98.691935
2012-06-05 15:25,4.95,25.31,22.38,0.4162,3.97,12.29,43.52,1132.0172,LOD,LOD,656.2799,561,NaN,1814,1156,308,683,22,1494,NaN,1372,NaN,6,NaN,NaN,NaN,NaN,NaN,-13.093543,-96.251904
2012-06-19 14:05,5.31,26.7,17.94,0.3834,0.79,7.74,26.95,1473.2121,LOD,LOD,737.8521,492,NaN,1991,758,408,727,24,1734,NaN,1755,NaN,6,NaN,NaN,NaN,NaN,NaN,-13.124584,-95.893907
2012-07-03 13:15,5.06,28.84,29.24,0.5464,5.9,11.07,24.95,1062.3987,LOD,LOD,658.1002,510,NaN,1575,1240,294,735,21,1802,NaN,1035,NaN,3,NaN,NaN,NaN,NaN,NaN,-12.814361,-93.784701
2012-07-17 13:30,5.04,30.07,31.2,0.5628,4.46,10.48,25.78,1152.4027,LOD,LOD,715.1242,675,NaN,2125,1672,324,849,34,1831,NaN,1368,NaN,12,NaN,NaN,NaN,NaN,NaN,-12.202632,-91.457561
2012-07-31 13:20,5.61,29.19,19.52,0.4468,1.96,20.31,16.64,1444.9333,LOD,LOD,899.0489,503,NaN,2116,879,447,806,32,2029,NaN,1616,NaN,8,NaN,NaN,NaN,NaN,NaN,-12.860544,-94.460422
2012-08-14 12:00,5.66,21.87,21.36,0.4306,4.07,14.44,24.16,1067.2242,LOD,LOD,687.211,502,NaN,2157,1085,473,863,36,2075,NaN,1559,NaN,6,NaN,NaN,NaN,NaN,NaN,-13.226142,-95.335683
2012-08-28 10:50,4.57,36.13,43.92,0.7477,4.66,12.32,28.04,966.6321,LOD,LOD,787.6379,701,NaN,2027,1912,313,869,36,1651,NaN,1144,NaN,12,NaN,NaN,NaN,NaN,NaN,-12.884893,-92.160802
2012-09-11 14:25,5.39,29.47,24.86,0.477,5.22,15.46,27.81,1361.3834,LOD,LOD,900.4462,531,NaN,2053,1400,408,833,37,1942,NaN,1501,NaN,5,NaN,NaN,NaN,NaN,NaN,-13.084801,-94.142654
2012-09-25 15:40,5.48,29.32,25.09,0.4832,4.52,16.31,24.38,1325.5371,LOD,LOD,992.0086,596,NaN,2240,1693,433,910,36,2012,NaN,1605,NaN,12,NaN,NaN,NaN,NaN,NaN,-12.970044,-93.439106
2012-10-10 10:30,4.77,32.15,31.68,0.6048,NaN,NaN,NaN,1124.6475,LOD,NaN,969.2993,738,NaN,2060,1959,417,832,31,1706,NaN,1386,NaN,6,NaN,NaN,NaN,NaN,NaN,-12.740924,-93.316783
2012-10-24 14:00,5.04,28.82,25.71,0.5085,4.74,8.4,33.12,1209.4534,LOD,LOD,945.5047,620,NaN,1993,1723,459,804,29,1800,NaN,1480,NaN,6,NaN,NaN,NaN,NaN,NaN,-13.039444,-95.013787
2012-11-21 09:00,5.18,26.6,19.93,0.3925,4.64,10.12,35.43,1293.8068,LOD,LOD,850.6291,527,NaN,1840,1448,433,742,27,1763,13,1541,NaN,5,NaN,NaN,NaN,NaN,NaN,-13.054034,-95.189046
2012-12-18 09:25,5.59,25.35,12.99,0.2896,4.53,36.89,32.95,1474.2214,LOD,LOD,843.9042,442,NaN,1891,1159,473,765,31,1930,28,1725,NaN,5,NaN,NaN,NaN,NaN,NaN,-13.204977,-95.813577
2013-01-22 11:40,5.82,28.3,14.88,0.3279,4.97,18.78,36.93,1607.8021,100,LOD,839.5746,413,NaN,2090,1130,542,844,22,1646,NaN,1790,NaN,6,NaN,NaN,NaN,NaN,NaN,-13.018839,-95.33058
2013-02-20 12:40,5.94,27.81,15.0633,0.3347,4.39,19.5,40.53,1657.2576,100,LOD,840.5374,412,NaN,2187,1203,592,879,21,1679,NaN,1833,NaN,3,NaN,NaN,NaN,NaN,NaN,-13.201814,-95.834678
2013-03-26 12:05,6.01,29.92,15.68,0.3549,5.92,23.47,50.55,1712.6953,120,LOD,866.1344,402,NaN,2327,1238,629,930,23,1672,33,1897,NaN,3,NaN,NaN,NaN,NaN,NaN,-12.937917,-95.045798
2013-04-17 14:05,5.44,33.58,21.77,0.4162,4.47,17.28,29.73,1321.4801,LOD,LOD,782.7006,481,NaN,2256,1610,771,911,23,1508,NaN,1485,NaN,3,NaN,NaN,NaN,NaN,NaN,-13.537355,-98.236934
2013-04-24 15:35,5.1,26.13,25.67,0.5057,3.65,12.45,23.81,1037.3749,LOD,LOD,683.0835,593,NaN,1933,1852,710,793,28,1283,44,1223,NaN,8,NaN,NaN,NaN,NaN,NaN,-13.729355,-99.958525
2013-04-29 13:45,5,25.7,23.1,0.4286,3.74,12.1,37.82,1076.1914,LOD,LOD,637.6482,568,NaN,1812,1677,610,724,26,1232,26,1261,NaN,7,NaN,NaN,NaN,NaN,NaN,-12.896719,-97.151468
2013-05-06 11:45,4.86,26.22,23.02,0.5339,3.56,10.69,70.94,1018.8892,LOD,LOD,602.8635,609,NaN,1724,1585,545,685,26,1184,29,1211,NaN,5,NaN,NaN,NaN,NaN,NaN,-13.738964,-100.171982
2013-05-10 09:15,4.71,25.95,23.29,0.5772,2.35,10.23,99.42,858.7379,LOD,LOD,513.8626,565,NaN,1458,1278,487,573,26,988,NaN,1006,NaN,6,NaN,NaN,NaN,NaN,NaN,-13.592103,-100.032029
2013-05-16 10:45,4.81,25.49,20.67,0.3878,3.06,10.56,83.33,1017.2145,LOD,LOD,538.5377,535,NaN,1531,1285,485,597,24,1060,NaN,1149,NaN,4,NaN,NaN,NaN,NaN,NaN,-13.578689,-99.079846
2013-05-29 12:55,5.43,26.69,15.62,0.4106,3.02,8.02,74.61,1644.4606,LOD,LOD,712.0443,410,NaN,1941,721,471,726,22,1462,NaN,1769,NaN,10,NaN,NaN,NaN,NaN,NaN,-13.288839,-97.069246
2013-06-12 10:00,5.78,26.92,14.58,0.2993,3.71,6.03,28.08,1578.609,LOD,LOD,725.1429,390,NaN,1962,610,490,751,25,1549,NaN,1713,NaN,12,NaN,NaN,NaN,NaN,NaN,-13.25426,-95.740551
2013-06-25 15:20,5.72,28.3,19.14,0.402,2.86,11.19,29.48,1493.3672,LOD,LOD,769.8237,468,NaN,2283,795,471,847,26,1628,NaN,1609,NaN,6,NaN,NaN,NaN,NaN,NaN,-12.985427,-94.800446
2013-07-04 14:13,4.83,30.64,33.02,0.6268,3.16,11.88,39.2,1042.1462,LOD,LOD,616.6971,740,NaN,2307,2010,309,884,36,1355,NaN,1297,NaN,30,NaN,NaN,NaN,NaN,NaN,-12.286631,-92.542755
2013-07-23 13:00,5.81,28.46,14.34,0.3296,4.16,21.28,32.44,1653.0469,LOD,LOD,836.4854,428,NaN,2358,719,508,866,43,1737,NaN,1777,NaN,9,NaN,NaN,NaN,NaN,NaN,-13.068729,-95.479366
2013-08-06 11:30,5.79,30.87,19.56,0.4323,4.08,22.73,28.02,1591.6462,LOD,LOD,891.5515,495,NaN,2592,938,575,952,47,1845,NaN,1761,NaN,7,NaN,NaN,NaN,NaN,NaN,-12.53706,-93.224563
2013-08-21 10:35,5.72,31.22,25.12,0.5429,4.58,20.66,23.86,1462.3481,LOD,LOD,989.4381,582,NaN,2725,1562,585,1005,47,1821,NaN,1592,NaN,5,NaN,NaN,NaN,NaN,NaN,-12.469456,-92.172961
2013-09-09 15:53,5.87,32.96,22.1,0.4975,4.2,29.23,31.97,1581.6526,110,LOD,1024.7456,525,NaN,2823,1542,604,1035,54,1881,NaN,1742,NaN,5,NaN,NaN,NaN,NaN,NaN,-13.053355,-93.762379
2013-09-20 14:40,5.38,33.38,33.85,0.6287,4.53,15.64,17.58,1271.9144,LOD,LOD,1176.1234,632,NaN,2964,2309,696,1176,50,1831,22,1547,NaN,7,NaN,NaN,NaN,NaN,NaN,-12.674089,-91.106811
2013-10-02 09:40,5.47,31.85,26.32,0.5334,4.63,25.71,22.7,1750.4575,LOD,LOD,1202.5779,553,NaN,2597,2008,507,1049,49,1713,21,1756,NaN,5,NaN,NaN,NaN,NaN,NaN,-12.370104,-90.822237
2013-10-16 14:25,5.81,31.55,22.73,0.4589,6.09,34.39,29.03,1735.3213,LOD,LOD,1191.6098,510,NaN,2663,1927,532,1055,52,1722,22,1736,NaN,3,NaN,NaN,NaN,NaN,NaN,-12.615084,-92.428412
2013-10-29 11:50,4.83,79.4,30.48,0.57,3.93,14.68,36.67,1541.7445,LOD,LOD,1138.1512,621,NaN,2369,1894,362,981,35,1500,23,1685,NaN,8,NaN,NaN,NaN,NaN,NaN,-12.455898,-90.377183
2013-11-20 14:30,5.37,29.29,21.27,0.4667,5,18.97,36.38,1639.0784,LOD,LOD,1015.5382,493,NaN,2143,1564,422,888,34,1480,26,1702,NaN,5,NaN,NaN,NaN,NaN,NaN,-12.499303,-91.413838
2013-12-17 12:23,5.46,27.59,20.58,0.4483,3.76,16.33,25.2,1401.9509,LOD,LOD,971.956,451,NaN,2005,1430,412,846,33,1427,NaN,1510,NaN,2,NaN,NaN,NaN,NaN,NaN,-12.654988,-92.748754
2014-01-27 11:20,5.57,37.25,9.545,0.3137,3.36,17.89,101.16,2330,LOD,LOD,1120,349,NaN,2823,482,429,938,51,1785,NaN,2409,NaN,2,NaN,NaN,NaN,NaN,NaN,-13.215243,-94.79231
2014-02-25 10:40,5.27,32.45,17.9567,0.4442,3.31,12.46,77.92,1720,LOD,LOD,1210,446,NaN,2251,1156,742,843,75,1543,23,1835,NaN,6,NaN,NaN,NaN,NaN,NaN,-12.65866,-92.589627
2014-03-25 11:37,NaN,NaN,14.87,0.3481,3.63,18.74,35.3,1650,LOD,LOD,920,403,NaN,1960,994,504,823,36,1550,NaN,1721,NaN,49,NaN,NaN,NaN,NaN,NaN,-12.710916,-92.8792
2014-04-14 10:30,5.48,27.4,20.1733,0.3666,2.68,15.39,18.87,1290,LOD,LOD,800,477,NaN,1938,1458,540,823,30,1424,NaN,1334,NaN,1,NaN,NaN,NaN,NaN,NaN,-12.584128,-92.947004
2014-04-22 15:15,4.92,25.55,23.0833,0.4399,2.6,8.46,52,1020,LOD,LOD,650,528,NaN,1512,1320,476,616,39,1155,20,1086,NaN,3,NaN,NaN,NaN,NaN,NaN,-11.652568,-89.198233
2014-04-29 13:42,4.98,25.58,NaN,NaN,2.55,9.48,87.78,1070,LOD,LOD,580,400,NaN,1595,1413,1147,1422,47,1180,NaN,1175,NaN,137,NaN,NaN,NaN,NaN,NaN,-12.708082,-92.363557
2014-05-05 15:15,5.29,25.33,18.4133,0.4261,3.57,15.13,72.7,1300,LOD,LOD,670,359,NaN,1697,1349,1166,1057,63,1285,NaN,1363,NaN,87,NaN,NaN,NaN,NaN,NaN,-12.246505,-91.205075
2014-05-13 13:30,5.07,25.84,22.86,0.4654,2.61,13.26,52.18,1050,LOD,LOD,680,409,NaN,1699,1674,NaN,1673,12,1235,NaN,1179,NaN,59,1.10122756,0.24731535,0.10342718,0.07683106,0.07257497,-12.379851,-91.639301
2014-05-27 12:25,4.86,28.07,NaN,NaN,2.91,14.53,56.56,1020,LOD,LOD,680,524,NaN,1911,1784,931,955,92,1266,NaN,1183,NaN,64,1.39943345,0.32529215,0.13089131,0.10587297,0.09584492,-11.582547,-86.008104
2014-06-10 15:27,5.02,27.97,30.1767,0.5468,3.87,13.74,39.93,1060,LOD,LOD,610,642,NaN,2078,1790,678,842,65,1392,NaN,1194,NaN,32,1.37652764,0.31581299,0.10863275,0.09017411,0.09722309,-12.136018,-87.718079
2014-06-24 10:27,5.37,27.83,22.0233,0.4534,3.13,16.78,37.31,1330,LOD,LOD,690,558,NaN,2081,1230,376,504,37,1498,NaN,1404,NaN,24,1.03190464,0.23060008,0.10006176,0.06542383,0.06602615,-12.609399,-90.824201
2014-07-08 11:20,5.76,29.33,14.58,0.3452,1.71,8.47,36.65,1740,LOD,LOD,890,564,NaN,2132,1641,660,793,84,1650,NaN,1745,NaN,54,0.64837941,0.13847802,0.06160087,0.04144969,0.03877357,-12.596137,-91.561413
2014-07-22 14:05,5.17,29.72,25.8533,0.4588,3.05,12.91,27.76,1340,LOD,LOD,730,399,NaN,2223,1446,989,979,76,1631,NaN,1492,NaN,55,1.1851669,0.2572487,0.09788499,0.07853448,0.07254735,-12.295756,-88.663663
2014-08-05 13:00,5.54,30.51,22.2867,0.4524,3.6,15.86,28.6,1138.8,LOD,LOD,743.955,528,NaN,2262,974,494,836,40,1932,LOD,1477,NaN,4,1.12071213,0.25997418,0.09238739,0.0708585,0.07214153,-12.540735,-90.293282
2014-08-19 13:45,4.77,32.99,38.2267,0.6761,2.28,9.67,26.86,811.231,LOD,LOD,673.711,668,NaN,2320,2050,254,899,34,1549,16,1160,NaN,10,1.71325971,0.37048288,0.13771423,0.10778908,0.10853051,-12.420526,-88.367763
2014-09-02 14:35,5.44,28.72,23.3533,0.4749,3.25,22.14,37.33,1121.49,LOD,LOD,741.498,542,NaN,2099,1518,392,806,39,1811,LOD,1452,NaN,7,1.10408287,0.25425864,0.09684099,0.07475549,0.08055291,-12.629689,-91.605131
2014-09-16 10:30,5.82,29.57,16.9533,0.3686,2.98,24.08,35.69,1279.61,LOD,LOD,860.228,453,NaN,2102,1244,432,793,39,1962,LOD,1602,NaN,3,0.79688281,0.17138627,0.07088532,0.05227956,0.05053403,-12.597136,-90.861278
2014-09-29 15:58,5.84,27.96,19.24,0.3661,3.25,13.39,24.51,1205.57,LOD,LOD,894.693,423,NaN,2047,1038,549,804,37,1944,LOD,1533,NaN,5,0.83308954,0.18028356,0.07525623,0.06027391,0.05646954,-12.671113,-91.356314
2014-10-14 13:28,5.31,31.32,25.21,0.4606,5.5,9.81,25.66,1201.51,LOD,LOD,988.329,515,NaN,2110,1714,376,885,38,1803,LOD,1524,NaN,3,1.11767597,0.25426146,0.1028507,0.06186728,0.0732842,-12.303808,-89.842339
2014-10-28 10:54,4.95,31.3,25.7133,0.4885,4.06,16.44,43.97,1197.75,LOD,LOD,895.226,513,NaN,1898,1472,329,779,32,1628,LOD,1550,NaN,3,1.08264116,0.23678533,0.09668883,0.06061752,0.07083516,-12.637689,-90.813976
2014-11-18 14:00,5.55,27.55,17.1667,0.3698,3.67,22.98,39.91,1281.21,LOD,LOD,813.659,401,NaN,1800,1274,357,740,30,1668,LOD,1516,NaN,LOD,0.78528769,0.17374918,0.08142785,0.04781979,0.0266795,-12.315975,-89.872808
2014-12-16 11:00,5.22,27.48,21.9833,0.4395,3.75,14.09,28.88,1089.93,LOD,LOD,812.124,467,NaN,1749,1435,305,753,27,1574,LOD,1321,NaN,1,1.00242851,0.21488283,0.06534265,0.06463917,0.06147119,-12.613793,-90.099486
2015-01-20 10:22,5.89,27.59,14.29,0.3265,2.66,23.59,32.62,1382.39,LOD,LOD,788.827,331,NaN,1819,963,430,767,23,1738,LOD,1595,NaN,2,0.61527351,0.13944118,0.06009041,0.04380652,0.03884381,-12.891853,-92.494644
2015-02-17 10:53,5.81,27.93,15.6033,0.3449,3.81,26.03,27.89,1209.38,LOD,LOD,714.477,368,NaN,1849,1234,440,783,23,1685,LOD,1468,NaN,1,0.7222295,0.14738783,0.06243611,0.04270625,0.05297095,-12.845064,-92.436959
2015-03-17 11:18,5.87,28.33,15.3767,0.2238,1.39,28.08,28.77,1280.2,LOD,LOD,714.977,362,NaN,1951,1216,503,811,23,1749,LOD,1537,NaN,28,0.72112266,0.1714323,0.05872867,0.04793713,0.04763905,-12.710674,-91.989103
2015-03-31 10:46,5.82,29.04,16.3833,0.2495,2.91,26.59,34.36,1254.81,LOD,LOD,741.699,362,NaN,1967,1199,562,819,23,1714,LOD,1527,NaN,LOD,0.76325958,0.17442861,0.06341196,0.05296226,0.06777425,-12.906893,-93.437538
2015-04-09 10:29,5.57,26.17,21.0633,0.4031,2.98,20.8,21.16,968.61,LOD,LOD,818.479,442,NaN,1803,1646,525,783,24,1582,LOD,1207,NaN,2,1.01675245,0.236237,0.07803149,0.06046872,0.07485404,-12.943407,-94.2057
2015-04-14 13:31,4.96,28.7,26.7333,0.3623,4,14.48,45.02,923.168,340,LOD,955.425,504,NaN,1716,1497,485,747,28,1453,LOD,1150,NaN,1,1.14936908,0.25079363,0.08896533,0.07420968,0.07493712,-13.39127,-96.391445
2015-04-17 11:35,5.16,26.71,23.26,0.4231,2.73,17.03,53.36,1044.22,320,LOD,911.192,452,NaN,1671,1359,442,710,24,1464,LOD,1230,NaN,1,0.97152564,0.21720732,0.08700806,0.05945756,0.06165998,-13.228958,-95.45703
2015-04-21 14:26,4.81,27.18,25.1433,0.4954,2.76,12.13,72.6,883.465,LOD,LOD,634.157,481,NaN,1451,1219,437,620,25,1290,LOD,1020,NaN,2,1.07128574,0.22622757,0.08366678,0.06169986,0.06604691,-13.347046,-96.9075
2015-04-24 11:09,4.81,26.49,22.7067,0.4631,2.13,8.31,53.65,896.601,LOD,LOD,652.322,458,NaN,1334,1053,369,556,23,1181,LOD,913,NaN,5,0.98694162,0.21257177,0.07962528,0.0546422,0.05571443,-13.372614,-97.132577
2015-04-27 12:42,4.87,25.4,21.7433,0.4389,2.77,9.68,75.33,895.731,LOD,LOD,580.458,441,NaN,1328,1043,354,540,21,1187,LOD,923,NaN,4,0.95768552,0.20853238,0.07582214,0.06251635,0.05012306,-13.036363,-95.55719
2015-04-30 13:09,4.87,24.62,21.3133,0.3064,1.75,10.37,80.65,912.732,LOD,LOD,584.434,440,NaN,1281,1015,316,524,21,1177,LOD,935,NaN,3,0.96024401,0.20236455,0.08210255,0.06283738,0.05841939,-13.175348,-96.019627
2015-05-05 11:03,4.86,24.38,20.5333,0.3054,1.68,9.78,75.41,898.136,LOD,LOD,543.345,433,NaN,1211,1071,267,501,21,1154,LOD,891,NaN,3,0.94531704,0.21864748,0.08569563,0.07270846,0.07092023,-13.047604,-95.300464
2015-05-07 14:38,4.75,24.25,22.3067,0.4711,1.3,7.33,49.58,748.564,LOD,LOD,475.056,446,NaN,1103,989,256,452,22,1032,LOD,729,NaN,3,1.00183385,0.20262412,0.0877089,0.0779355,0.05870669,-12.381049,-92.79166
2015-05-12 10:48,4.93,24.24,18.6433,0.3686,1.34,10.62,77.02,923.035,LOD,LOD,593.466,415,NaN,1258,1036,271,506,21,1167,LOD,973,NaN,4,0.89087806,0.19599426,0.07677663,0.05595802,0.07015052,-13.043255,-94.597562
2015-05-19 10:56,5.09,24.21,18.1933,0.3609,2.19,10.67,57.08,978.86,LOD,LOD,598.759,388,NaN,1312,968,249,539,20,1282,LOD,1117,NaN,3,0.87828665,0.19695245,0.07560093,0.06765315,0.06444143,-13.242122,-95.468988
2015-06-02 09:54,5.02,24.88,23.04,0.4193,2.34,9.94,42.72,848.605,LOD,LOD,502.748,448,NaN,1369,1157,230,550,20,1264,LOD,960,NaN,3,1.08738358,0.24361406,0.09521798,0.06940113,0.05898319,-13.088243,-94.74211
2015-06-16 10:11,5.55,24.73,15.7533,0.3119,1.71,10.68,32.33,1167.75,LOD,LOD,648.531,377,NaN,1475,753,327,596,22,1504,LOD,1302,NaN,3,0.74040934,0.16237281,0.06866274,0.05637928,0.04853084,-12.715718,-93.168643
2015-06-30 13:21,5.46,25.74,21.08,0.3723,2.52,12.68,19.93,954.023,LOD,LOD,605.212,419,NaN,1655,879,354,665,23,1565,LOD,1100,NaN,7,1.01106282,0.23654634,0.09239308,0.07238257,0.07050594,-12.981917,-94.233259
2015-07-14 14:00,5.33,26.89,NaN,NaN,3.23,16.37,13.6,824.16,LOD,LOD,648.178,524,NaN,1866,1410,294,731,33,1597,LOD,1019,NaN,3,1.26497089,0.28624097,0.1084592,0.09748002,0.09475462,-12.430243,-91.419672
2015-07-31 15:12,4.64,31.91,25.7133,0.4885,2.91,10.35,39.22,615.505,LOD,LOD,553.028,741,NaN,1924,2170,197,739,36,1341,LOD,815,NaN,5,1.89843431,0.41938979,0.15792999,0.12571208,0.1227682,-12.100042,-87.70138
2015-08-11 10:36,5.48,28.36,22.9633,0.4556,3.63,22.87,28.67,1012.8,LOD,LOD,760.558,507,NaN,1897,1409,396,724,38,1590,LOD,1211,NaN,3,1.13059674,0.26545629,0.10847653,0.09310981,0.07843586,-11.442145,-86.983097
2015-08-25 10:30,5.86,28.31,15.8433,0.3573,2.65,19.25,22.69,1250.03,LOD,LOD,799.029,368,NaN,1854,743,403,681,38,1757,LOD,1401,NaN,4,-0.11381936,-0.03202162,-0.00521677,-0.02043684,-0.01278811,-12.42016,-91.403319
2015-09-07 13:53,5.91,28.69,17.0933,0.3661,2.47,17.89,18.47,1114.57,LOD,LOD,796.184,380,NaN,1907,930,432,704,36,1775,LOD,1388,NaN,3,0.78988056,0.18028151,0.0654666,0.03772884,0.05002484,-12.821749,-92.768013
2015-09-22 11:24,5.12,30.62,27.8867,0.5132,2.46,18.96,18.16,1319.35,LOD,LOD,981.311,509,NaN,1978,1821,328,828,40,1617,LOD,1424,NaN,4,1.29820662,0.29378441,0.11163608,0.08735071,0.0914272,-12.235735,-88.498053
2015-10-06 13:11,5.72,29.64,19.6067,0.434,3.71,32.22,18.34,973.939,LOD,LOD,785.116,427,NaN,1986,1650,418,817,45,1700,LOD,1346,NaN,2,0.9989511,0.23973628,0.09191999,0.07148988,0.07001923,-12.508292,-90.743736
2015-10-20 13:33,NaN,NaN,18.8233,0.4209,4.92,37.81,25.22,1289.05,LOD,LOD,925.959,387,NaN,1992,1552,417,808,41,1718,LOD,1349,NaN,5,0.91750105,0.20964718,0.08408152,0.07511743,0.05841634,-12.339049,-90.164788
2015-11-03 09:03,5.89,29.05,18.5767,0.4069,4.4,34.52,25.55,1336.08,LOD,LOD,899.117,377,NaN,1978,1487,477,790,35,1756,LOD,1330,NaN,2,0.93233508,0.20698752,0.08809479,0.0649268,0.06404206,-12.378013,-90.534701
2015-11-24 12:00,5.67,29.33,19.2167,0.4106,4.04,33.49,26.78,1391.12,LOD,LOD,1009.57,381,NaN,1904,1502,314,801,36,1625,LOD,1395,NaN,1,0.89349016,0.20509447,0.07755329,0.06168283,0.06642642,-12.570288,-91.1839
2015-12-15 11:30,5.7,31.66,17.6433,0.3815,4.18,34.81,36.62,1436.17,LOD,LOD,964.001,360,NaN,2013,1288,369,830,36,1697,LOD,1506,NaN,6,0.76148167,0.16760892,0.07261106,0.05627979,0.05309985,-12.801851,-92.526595
2016-01-19 11:13,5.84,32.73,12.07,0.269,0.93,28.61,49.75,696.736,311.301,NaN,NaN,215,LOD,1890,514,244,674,46,1761,LOD,1395,6791,4,0.37238316,0.06723625,0.03640938,0.0220335,0.01526819,-12.32401,-91.019757
2016-02-15 14:22,6,30.76,NaN,NaN,2.98,22,38.34,1525.35,362.695,NaN,NaN,219,LOD,1581,507,228,630,50,1677,LOD,1292,6381,6,NaN,NaN,NaN,NaN,NaN,-12.763813,-91.839955
2016-03-30 10:28,5.71,29.98,16.0367,0.3681,3.28,25.02,30.66,8509.01,545.124,NaN,NaN,326,LOD,1622,1179,314,706,42,1641,LOD,1105,6731,3,0.71265631,0.15941302,0.0588275,0.04856026,0.04619198,-12.820016,-92.703332
2016-04-07 10:01,5.06,30.04,29.0167,1.256,1.78,12.88,44.33,8312.19,301.362,NaN,NaN,500,LOD,1545,1879,643,641,61,1415,LOD,823,5852,3,1.2027146,0.26704651,0.09564591,0.08494888,0.07652817,-12.922737,-93.539818
2016-04-12 11:09,5.13,27.63,25.3633,0.6149,2.72,15.54,44.21,6386.69,344.035,NaN,NaN,479,LOD,1380,1736,342,618,51,1433,LOD,889,6198,5,1.12370223,0.24226766,0.0936039,0.06915054,0.07309337,-12.993879,-93.835906
2016-04-18 10:51,5.28,28.5,24.17,0.9523,1.56,16.66,51.87,8615.2,389.713,NaN,NaN,545,LOD,2068,1873,543,839,49,1726,LOD,1461,6732,8,1.03758681,0.23546618,0.0749261,0.06818625,0.05860545,-12.953686,-93.471532
2016-04-20 10:37,5.2,28.08,23.6933,0.4925,0.9,12.36,33.71,8648.68,389.532,NaN,NaN,560,LOD,2034,1910,563,826,47,1699,LOD,1435,6653,7,1.08371205,0.23387001,0.09291522,0.06210205,0.06699547,-13.028473,-94.087134
2016-04-28 10:36,4.91,28.59,27.69,0.5487,2.48,9.39,71,8811.58,327.559,NaN,NaN,616,LOD,1949,1959,590,784,41,1556,LOD,1306,5939,7,1.25028416,0.27724672,0.10083594,0.08221593,0.06571699,-13.211793,-95.297856
2016-05-02 10:39,4.73,26.12,24.9567,0.761,1.73,6.22,96,8520.47,309.369,NaN,NaN,545,LOD,1600,1389,609,628,34,1236,LOD,1075,4280,6,1.12574115,0.24270048,0.09220443,0.06867544,0.08101145,-13.385742,-96.851346
2016-05-04 09:58,4.72,25.22,23.8867,0.627,1.17,4.53,50.7,129.928,366.889,NaN,NaN,522,LOD,1480,1371,582,581,32,1165,LOD,1018,4003,5,0.84854357,0.22142947,0.08967083,0.06499394,0.0672498,-13.307831,-96.58856
2016-05-09 10:44,4.77,23.45,23.9133,1.3947,1.82,6.65,77.4,512.185,LOD,NaN,NaN,490,LOD,1427,1381,527,556,27,1151,LOD,1025,3930,4,1.05211699,0.23483429,0.09507054,0.07209103,0.08278924,-13.06809,-95.142657
2016-05-12 12:00,4.92,24.16,20.7,0.448,2.11,9.58,75.08,864.78,LOD,NaN,453.851,480,LOD,1554,1341,502,607,28,1256,LOD,1177,4463,7,0.97372416,0.22771474,0.09276185,0.06714121,0.07454574,-12.783398,-93.534496
2016-05-17 11:07,5.14,24.4,20.5133,1.2773,1.39,12.34,50.67,1022.62,LOD,NaN,491.247,445,LOD,1661,1256,520,649,27,1384,LOD,1329,5040,5,0.89690423,0.19833881,0.08661775,0.06669424,0.06261811,-12.889461,-93.370629
2016-05-31 10:54,5.22,31.1,18.4267,0.978,2.08,9.73,50.37,1208.91,LOD,NaN,667.178,421,LOD,1892,985,492,728,25,1611,LOD,1536,5591,5,0.83926958,0.19510073,0.06865226,0.04068335,0.06373409,-12.966301,-93.358121
2016-06-14 10:10,5.62,26.36,14.87,0.3028,2.28,4.23,27.97,1302.29,LOD,NaN,668.941,346,LOD,1910,581,460,767,21,1669,LOD,1659,5880,7,0.74044631,0.1676958,0.07165088,0.05609278,0.04167952,-13.009696,-93.484348
2016-06-29 10:27,5.08,26.38,26.27,0.3969,2.62,13.94,33.01,839.265,LOD,NaN,548.215,540,LOD,1955,1456,317,768,30,1496,18,1183,5302,4,1.22424804,0.27165655,0.10661952,0.09187385,0.06824601,-12.339528,-88.995911
2016-07-12 10:32,6.75,NaN,21.5967,0.4212,4.64,21.2,28.27,1004.06,LOD,NaN,650.507,479,LOD,2148,1064,439,836,34,1696,LOD,1360,6199,3,1.00475186,0.22727361,0.09068417,0.05725424,0.06541889,-12.48645,-90.033542
2016-07-26 10:34,5.75,28.69,19.2,0.4369,3.77,23.49,30.77,1161.44,LOD,NaN,721.873,455,LOD,2285,1268,494,842,42,1824,LOD,1529,6844,6,0.87007534,0.19867954,0.0788332,0.0567921,0.05299724,-12.531416,-90.584836
2016-08-09 10:59,5.81,29.27,19.5333,0.4031,3.39,18.08,23.57,889.417,LOD,NaN,689.343,458,LOD,2319,1084,556,874,36,1893,22,1459,6790,12,0.95063257,0.21278042,0.09049391,0.05344775,0.05898006,-12.679563,-91.045932
2016-08-23 10:45,5.09,28.9,34.9967,0.5768,3.56,14.8,17.11,673.647,LOD,NaN,741.682,651,LOD,2353,2278,393,920,34,1658,28,1090,5881,4,1.67324283,0.38584602,0.14814196,0.10784237,0.11839617,-12.38695,-88.809532
2016-09-20 11:04,5.92,29.75,18.5267,0.4165,3.29,35.27,30.45,1114.73,LOD,NaN,859.671,418,LOD,2420,1344,546,896,39,1910,21,1453,7342,6,0.92183146,0.2061236,0.08129426,0.06810974,0.05550832,-12.501124,-90.383208
2016-10-05 14:11,5.72,30.05,28.3067,0.4745,3.74,34.4,25.34,973.855,LOD,NaN,1017.31,479,LOD,2430,1769,507,965,45,1836,22,1349,7158,3,1.12818133,0.25906521,0.10490882,0.07772208,0.07706887,-12.230042,-88.403315
2016-10-18 10:09,5.96,29.27,19.8133,0.4211,3.79,44.6,31.66,1127.32,LOD,NaN,902.429,403,LOD,2407,1748,527,945,41,1870,20,1462,7350,3,0.95224915,0.21789382,0.08968129,0.05784686,0.05744087,-12.625451,-90.810277
2016-10-31 13:56,NaN,29.46,20.0233,0.4165,3.66,44.82,33.66,1142.84,LOD,NaN,1007.67,406,LOD,2411,1900,533,947,43,1864,20,1522,7418,4,0.90397498,0.21907105,0.08374116,0.06538514,0.06178306,-12.55899,-90.124853
2016-11-15 11:33,5.95,28.48,14.7633,0.3428,3.98,34.91,28.72,1228.86,LOD,NaN,814.809,327,LOD,2106,1249,644,850,45,1808,25,1546,6966,4,0.70672678,0.15873273,0.05997368,0.04778307,0.05358839,-12.54951,-90.54918
2016-12-06 12:00,5.75,28.61,17.2867,0.382,LOD,30.48,35.95,1165.77,LOD,6.5745,707.226,432.3581,1.7522,2399.9487,1637.436,564.7241,962.7001,42.919,2197.1968,15.8811,2043.2237,7703.0972,5.1325,0.79876922,0.17699299,0.06638442,0.04773253,0.05345077,-12.555363,-90.360145
2017-01-10 12:00,6.05,29.92,15.2333,0.3334,LOD,28.91,33,1393.85,LOD,5.7946,796.65,332.8248,1.8302,2592.9646,1165.2519,713.0409,923.2103,41.1123,2287.0295,13.4272,1984.2935,7611.7641,5.6431,0.53952134,0.127693,0.05276624,0.04586823,0.03682864,-12.715457,-91.346028
2017-02-07 12:00,6.07,29.45,16.8467,0.3282,1,24.99,22.07,1388.76,LOD,6.3116,858.515,360.9013,1.9927,2641.9516,1433.6068,850.9171,972.1526,31.1301,2512.1265,39.1414,2039.2079,7770.2115,10.2594,0.63759357,0.14399237,0.05365506,0.03689659,0.0538267,-12.868234,-92.130976
2017-03-10 12:00,6.22,30.18,11.6767,0.31,1.7,26.56,58.14,1494.36,LOD,4.5921,770.825,299.8043,2.1899,2567.125,934.8939,635.1965,972.8345,26.1193,2186.391,26.447,2039.4994,7397.8296,6.0404,0.49243466,0.10334707,0.02976763,0.02866658,0.01497594,-12.939634,-92.907111
2017-04-04 12:00,NaN,NaN,15.4833,0.3545,1.99,32.95,41.64,1324.6,LOD,6.228,847.843,355.1229,1.8445,2497.6127,1322.2224,629.2362,948.4991,33.2998,2154.552,14.3257,1857.5423,7291.3458,5.8123,0.58025511,0.13216392,0.04905616,0.03809891,0.03599514,-12.839837,-92.581375
2017-04-11 11:14,5.67,26.81,29.0567,0.4473,LOD,18.44,19.57,888.106,LOD,6.8584,683.513,475.5163,1.545,2222.1597,2088.2797,725.0605,899.9516,36.0747,1894.6881,17.3662,1369.3674,7105.0173,6.6257,1.02169965,0.23445852,0.08992942,0.07077438,0.06722426,-13.025306,-93.955508
2017-04-18 11:41,5.97,28.01,18.2233,0.3742,LOD,31.37,35.11,1204.85,LOD,NaN,724.82,NaN,NaN,NaN,NaN,NaN,NaN,NaN,NaN,NaN,NaN,NaN,NaN,0.72276079,0.16841169,0.06320621,0.04908285,0.04620451,-13.000246,-93.489735
2017-04-25 14:38,5.89,26.78,20.31,0.2845,LOD,24.19,28.85,1044.28,LOD,5.2745,705.377,444.5382,1.5875,2360.9223,1754.3636,695.5829,907.1548,31.3087,1962.4357,25.7021,1623.3236,7382.5451,6.4006,1.66675945,NaN,NaN,NaN,NaN,-12.985358,-93.526781
2017-05-02 11:10,5.71,26.78,24.3633,0.419,LOD,19.82,28.37,983.084,LOD,6.0304,626.23,423.6106,1.4291,2192.3471,1842.9297,666.9886,860.1461,29.7141,1763.8802,13.4416,1460.6371,6588.9982,4.877,0.27894115,NaN,NaN,NaN,NaN,-13.005114,-93.747984
2017-05-05 11:25,5.14,25.38,32.7367,0.4958,LOD,2.29,38.63,702.75,LOD,4.9428,515.241,489.6559,1.4448,1981.534,1935.0376,774.0874,703.1595,38.5055,1422.6654,14.2733,1074.518,5413.6174,6.869,1.12178797,0.25488169,0.0972397,0.07651191,0.07227419,-13.022979,-94.830078
2017-05-09 13:32,5.12,26.48,22.5333,0.5209,LOD,10.34,139.57,997.162,LOD,4.3038,700.331,500.9387,1.6268,1965.1282,1525.7771,632.3613,720.8249,34.9082,1660.0493,13.4572,1444.0933,5532.5101,6.9584,0.91227091,0.19793072,0.07639702,0.06021094,0.05683231,-13.04984,-94.446087
2017-05-18 11:49,4.96,26.12,24.74,0.51,LOD,3.51,99.3,788.427,LOD,5.4065,444.723,523.5706,1.2364,1797.9538,1629.6466,540.2717,681.4342,31.6677,1543.6815,11.8312,1228.2963,5375.8616,6.9856,0.9982795,0.22842327,0.08703961,0.0681985,0.06464315,-12.918162,-93.92733
2017-05-23 11:27,4.98,26.8,25.8567,0.5409,LOD,8.95,140.52,941.622,LOD,5.3849,556.001,494.4471,1.7374,1845.997,1385.4775,653.6757,638.7706,33.9629,1468.7293,12.899,1374.4945,4639.726,12.7915,0.89529578,0.20189194,0.0776537,0.06120709,0.0579094,-12.434155,-89.833295
2017-06-13 15:02,5.53,26.78,17.69,0.3814,0.93,LOD,6.4,1131.72,LOD,4.2137,564.783,365.0557,1.6255,2002.827,802.5062,497.6385,741.2797,23.0738,1767.0946,8.4914,1642.4338,5404.1917,4.9053,0.68979139,0.15791125,0.05969244,0.04625953,0.0439005,-12.702079,-91.154772
2017-06-27 11:28,5.11,28.26,31.05,0.5154,0.46,8.76,38.83,554.801,LOD,5.7,458.973,493.8046,2.031,2247.6707,1550.9567,620.1637,836.6749,26.5075,1918.7609,15.899,1241.2175,5241.8697,7.3174,1.25744123,0.2843128,0.10827368,0.08534616,0.08061986,-12.660341,-91.057826
2017-07-11 09:26,NaN,NaN,19.6967,0.3829,1.52,18.25,35.32,773.042,LOD,6.0748,471.499,424.886,2.206,2285.116,1177.9663,524.2101,855.4838,31.5945,2055.5918,19.6053,1561.4109,6140.84,15.2037,NaN,NaN,NaN,NaN,NaN,-12.770511,-91.843842
2017-07-25 10:00,5.79,28.87,21.1433,0.3838,0.83,12.67,26.06,1178.22,LOD,5.7559,701.749,405.2284,2.2985,2343.2701,1084.9568,510.786,843.8663,10.8284,2037.7312,11.6365,1561.949,6074.353,5.3404,0.81643651,0.18285995,0.06799574,0.05325043,0.04998867,-12.7568,-91.76295
2017-08-08 12:05,5.94,31.46,25.0267,0.3992,1.3,13.1,37.93,647.689,LOD,6.5999,451.507,423.5487,2.3471,2448.2876,1257.2663,577.1452,877.9476,28.8627,2202.3004,13.1576,1574.8028,6211.2365,7.3797,0.84035331,0.19061438,0.07165328,0.05569633,0.0525893,-12.785468,-92.066717
2017-08-22 13:13,NaN,NaN,26.2067,0.4673,1.94,12.94,27.26,1124.83,LOD,7.8378,915.11,523.8664,2.3865,2667.0557,1901.3711,651.8737,978.66,32.6683,2251.8357,16.6716,1534.1427,6573.6724,7.1569,1.20514657,0.28386142,0.11111826,0.0878198,0.0832067,-12.756604,-91.522263
2017-09-08 11:25,NaN,29.16,18.3233,0.3592,LOD,LOD,33.67,1133.69,LOD,8.2156,838.002,383.2873,2.2143,2332.2655,1052.0607,583.9346,865.0902,9.7082,2173.8441,16.9144,1544.518,6500.8434,5.525,NaN,NaN,NaN,NaN,NaN,-12.697835,-91.219165
2017-09-21 11:33,NaN,30.72,30.0067,0.5238,1.33,9.49,45.65,981.38,LOD,6.5752,759.505,579.0943,1.9866,2408.3005,2061.4789,481.6378,917.0577,38.3448,1834.3467,19.2036,1424.7613,5558.4073,8.5115,1.21406115,0.20412297,NaN,-0.14250413,NaN,-12.693789,-91.329911
2017-10-04 14:17,4.56,36.76,45.63,0.8345,LOD,6.31,44.83,1004.38,NaN,7.9767,LOD,771.8621,2.4094,2481.3431,2352.9677,662.0965,945.1161,37.7457,1847.7164,27.0233,1214.2492,5191.4715,9.1312,1.76240411,0.37292025,0.14209669,0.11119147,0.10543848,-12.611656,-90.349025
2017-10-17 11:47,5.04,29.4,28.6733,0.5113,1.17,13.63,48.27,980.7,NaN,6.702,LOD,601.6387,1.8525,2185.0976,2104.9664,589.3638,824.8954,35.1167,1868.1513,19.5344,1441.4627,6067.5503,8.4224,NaN,NaN,NaN,NaN,NaN,-12.739063,-91.302761
2017-10-31 11:13,5.22,28.45,24.6867,0.4682,0.76,19.34,40.54,960.948,NaN,6.0398,LOD,492.6467,1.4539,2012.7959,1855.1683,558.6652,740.7553,31.5369,1769.6665,17.0426,1338.7418,5839.2766,8.0712,1.19067947,0.26618649,0.1045459,0.08268565,0.07855091,-12.793343,-91.976059
2017-11-14 11:16,5.34,26.75,22.0833,0.4214,1.33,19.63,40.43,775.01,NaN,6.4392,LOD,544.8694,1.7184,2187.6955,1957.1518,644.3275,858.1316,35.327,2112.7177,17.5167,1525.8564,6656.1977,5.7096,1.09476584,0.24939862,0.09774329,0.07706409,0.07300503,-12.810099,-92.361649
2017-12-05 11:22,5.5,26.47,18.1267,0.3456,3.2,22.88,40.55,876.094,NaN,4.7071,LOD,455.3121,1.9877,2082.1501,1564.2097,731.8585,814.8411,32.5005,2090.1167,25.9577,1635.2367,6514.6632,6.51,NaN,NaN,NaN,NaN,NaN,-12.899413,-92.940863
2018-01-15 11:27,5.79,26.44,15.0967,0.356,3.81,34.94,42.07,873.792,LOD,5.0042,692.907,375.3018,1.881,2058.8504,1327.6958,621.6964,799.8869,28.2814,1977.8448,15.8528,1589.1708,6351.9831,5.1161,0.68872117,0.16071293,0.06252309,0.04882216,0.04622789,-12.902047,-92.944771
2018-02-13 10:09,5.93,27.48,16.8,0.337,4.28,37.58,47.98,1413.93,LOD,5.0763,944.756,379.7041,1.8865,2166.2815,1558.154,697.8056,845.2054,26.0483,2138.0972,15.9917,1641.1005,6808.2102,5.0611,NaN,NaN,NaN,NaN,NaN,-12.909673,-93.156822
2018-03-15 13:58,6.03,28.45,14.3367,0.3224,4.04,37.92,53.86,1577.16,LOD,4.4797,945.027,334.4175,1.8974,2188.1313,1229.4196,639.1548,855.226,26.2608,2104.7022,17.2187,1702.4561,6846.9394,3.4483,0.52798237,0.11799535,0.04487466,0.03457501,0.03251227,-12.921159,-93.028927
2018-04-03 14:18,6.04,29.58,15.5033,0.339,3.6,32.63,63.85,1480.58,LOD,4.7694,816.779,339.0444,1.7418,2268.9083,1138.0063,697.7423,862.6806,20.1949,2111.7751,12.56,1734.9154,6868.9452,3.316,0.52872078,0.1148136,0.04154571,0.03184965,0.02945117,-13.00069,-93.484418
2018-04-17 14:12,5.7,26.76,0.5506,0.0333,3.64,32.64,37.58,1048.7,LOD,5.1996,767.061,405.6761,1.6338,2172.4126,1808.8283,879.0138,837.9901,27.5796,1878.5295,15.1275,1266.3394,6242.1864,3.6447,1.00334168,0.24196564,0.09618437,0.07586312,0.07186274,-13.239338,-95.429463
2018-04-24 12:01,4.83,25.69,27.2967,0.3612,2.98,14.27,68.55,645.016,LOD,4.0548,576.821,471.0336,1.5852,1667.1483,1522.2048,697.206,657.3565,27.6884,1447.5646,15.752,1080.4886,4716.6365,6.1299,1.03699435,0.22688643,0.08783976,0.06934579,0.06562283,-13.908324,-100.116019
2018-05-04 13:23,4.7,24.32,24.6633,0.0018,2.22,8.87,88.64,711.243,LOD,4.2282,587.93,475.7512,1.8196,1400.7352,1163.9972,664.4781,510.9585,25.7925,1215.4195,NaN,876.7841,3467.7916,9.0743,0.91941085,0.19974444,0.07743874,0.06088749,0.05733399,-14.281909,-102.705276
2018-05-07 11:32,4.65,24,21.24,0.4545,2.41,10.87,108.85,740.381,LOD,3.5385,539.26,450.0655,1.7108,1286.7602,1019.8938,559.1083,485.5663,22.9675,1130.7678,16.3106,897.7339,3150.5455,6.1188,0.88110503,0.19034176,0.07524646,0.05961624,0.05642349,-14.080825,-101.663745
2018-05-09 10:00,4.65,23.47,21.2433,0.4417,3.05,7.57,79.04,637.604,LOD,4.52,448.303,462.8955,1.8224,1328.9729,1109.4356,618.7323,515.8732,22.4235,1185.8057,10.1956,988.4316,3431.3912,5.3089,0.83261773,0.18240153,0.07100818,0.05586257,0.05271209,-13.983326,-100.870758
2018-05-15 11:00,4.89,24.9,20.4633,0.4437,3.58,13.49,92.14,855.113,LOD,4.3585,553.65,471.7259,1.826,1641.3714,1133.7194,554.3983,592.6661,25.2824,1450.8252,10.9077,1320.8201,4325.239,7.4129,0.79922372,0.17722802,0.0690905,0.0542271,0.05086,-13.72514,-98.464856
2018-05-29 10:28,5.4,25.68,14.3933,0.332,3.04,11.42,63.81,1454.03,LOD,4.3263,778.077,377.3874,2.3825,1815.4005,750.0947,555.2393,683.3478,22.7655,1776.883,9.0294,1677.0369,5070.2794,5.5011,0.56828761,0.12604948,0.04826705,0.03765643,0.03512068,-13.164673,-94.893332
2018-06-12 10:33,5.7,26.17,11.5733,0.2651,1.87,7.95,25.89,1022.99,LOD,3.7883,557.675,333.8578,2.9165,1926.3315,402.6684,567.9045,730.8249,23.9551,2014.2364,7.3392,2003.2045,5891.2744,6.1802,0.42489301,0.09221286,0.03531457,0.02711998,0.02566283,-13.130139,-94.577961
2018-06-28 11:13,5.66,26.95,15.6633,0.3366,2.7,9.49,31.5,937.446,LOD,5.7891,529.903,375.0638,2.4256,2114.0561,704.1838,558.7082,791.3519,22.2928,2028.5491,12.7506,1764.1664,5921.6493,5.0091,0.62946849,0.13880567,0.05243751,0.04042333,0.03796578,-13.050009,-94.132012
2018-07-10 09:19,5.89,30.92,14.22,0.3541,2.22,21,25.58,1797.47,LOD,4.0549,825.523,316.5889,2.8567,2328.9334,526.0771,628.306,808.2879,34.2073,2199.9028,8.8954,1970.2459,6275.6694,8.687,0.45774996,0.0949912,0.03503894,0.02645594,0.02439908,-13.08912,-94.202569
2018-07-24 15:00,5.21,36.49,25.0833,0.502,4.02,9.09,15.48,2114.63,235.443,6.7069,1035.49,459.9639,4.0532,2715.1409,1323.8504,654.6798,1047.4147,33.1096,2092.8567,26.2392,2389.0085,5124.39,7.7108,1.034089,0.23397776,0.09121,0.0714553,0.06764653,-12.336229,-88.144913
2018-08-07 14:39,5.59,32.93,21.28,0.4125,3.19,11.55,29.55,1713.43,219.688,6.7731,964.875,475.364,3.4278,2664.3073,947.5525,730.7222,982.318,28.4921,2249.7922,15.0317,2051.5287,6690.7797,11.3765,NaN,NaN,NaN,NaN,NaN,-12.601531,-90.310768
2018-09-05 12:17,5.96,33.72,14.84,0.3416,1.45,32.78,40.24,NaN,NaN,5.0268,NaN,341.1051,3.0459,2701.031,1282.8305,735.4326,891.3069,42.1879,2318.4557,8.5364,1989.2462,6988.3565,15.3291,NaN,NaN,NaN,NaN,NaN,-12.772109,-91.729395
2018-09-18 12:24,5.98,31.77,13.5167,0.2706,1.24,27.08,28.3,NaN,NaN,3.8224,NaN,336.235,2.4976,2679.6583,1054.9234,684.2337,874.892,43.2919,2362.864,17.4679,1961.247,6656.5029,7.7655,0.56072883,0.12582982,0.04660879,0.0355626,0.03308762,-12.776452,-92.106499
2018-10-02 11:10,5.83,31.48,16.3267,0.3286,2.63,6.95,23.32,NaN,NaN,4.2254,NaN,375.8144,2.9118,2465.2706,1052.1335,728.555,935.0985,21.9471,2367.5348,16.2792,2091.5643,6812.848,5.3631,0.64432069,0.14169054,0.05500409,0.04282932,0.04045857,-12.633405,-91.189976
2018-10-16 13:42,5.84,32.93,17.64,0.3445,2.73,7.68,27.65,NaN,NaN,3.9135,NaN,360.3625,2.6743,2465.0462,906.0382,749.6804,975.6575,17.1037,2516.4236,11.3581,2026.1577,7121.4819,4.914,0.68546367,0.15607477,0.05916315,0.04614272,0.04362572,-12.740721,-91.771719
2018-10-30 11:04,5.86,34.33,14.6733,0.334,3.13,15.36,54.68,NaN,NaN,5.0704,NaN,342.4162,2.0991,2542.2261,921.9349,664.4583,1021.5719,18.5001,2384.0614,12.3772,2488.2069,7174.4388,4.1694,0.56991429,0.12974637,0.04966672,0.03875222,0.03646757,-12.773835,-91.995391
2018-11-13 09:35,5.01,45,27.85,0.533,2.41,11.19,41.75,NaN,NaN,4.2592,NaN,485.5326,2.9852,3256.962,1628.573,692.6131,1316.5674,48.1087,2241.3883,20.7221,3108.2301,6029.4327,7.2001,NaN,NaN,NaN,NaN,NaN,-12.094789,-85.983285
2018-11-27 11:05,5.7,57.04,14.0267,0.349,4.05,29.41,62.38,NaN,NaN,4.0086,NaN,348.7541,2.4296,3000.3825,1079.9101,716.653,1191.8696,41.1201,2426.7616,10.5187,3194.2755,7688.1671,5.4088,0.52378114,0.11524784,0.0430111,0.03319895,0.03129578,-12.781219,-91.31663
2018-12-11 12:34,5.46,36.73,20.43,0.4563,3.23,16.05,59.08,NaN,NaN,4.4443,NaN,383.646,2.2543,2718.3208,1201.7408,578.9726,1144.401,42.6933,2090.7591,9.8536,2684.0582,6602.9724,4.8268,0.69102143,0.15006513,0.05745438,0.04502427,0.04246383,-12.592136,-90.26774
2019-01-24 13:47,5.95,35.54,13.23,0.2999,3.41,18.58,86.01,NaN,NaN,3.9959,NaN,258.0992,2.0134,2538.0985,691.467,648.6322,990.5441,17.1718,2342.7104,6.8165,2474.2749,7100.6028,2.7936,0.36222959,0.07697539,0.02871386,0.02246142,0.02117155,-12.77416,-91.958344
2019-02-20 11:04,6.2,34.55,10.0967,0.2662,3.51,18.16,67.92,NaN,NaN,3.87,NaN,236.1269,2.0326,2326.0456,626.2147,607.1245,887.1393,25.8115,2108.7064,7.8864,2254.4962,6812.529,2.9048,0.33738869,0.07209047,0.02659757,0.02047697,0.01914245,-12.665413,-91.43733
2019-03-21 14:22,5.97,33.79,11.45,0.3424,2.65,18.45,85.19,NaN,NaN,3.4588,NaN,273.0566,1.8801,2588.6191,707.3745,684.9549,1009.6515,17.3897,2205.2001,7.7852,2403.9295,7202.688,3.9365,0.40233651,0.087768,0.0326095,0.02524876,0.02375396,-12.829351,-91.984812
2019-04-04 13:13,5.84,33.84,14.2133,0.3367,3.78,25.66,51.17,NaN,NaN,4.0155,NaN,334.0593,2.0062,2462.6342,1107.5558,707.0046,1015.915,24.2441,2176.5485,8.5826,2320.2702,7202.6936,3.7254,0.51570943,0.11395194,0.04302,0.03349953,0.03169409,-12.861159,-92.528964
2019-04-18 13:07,5.55,33.33,22.5133,0.4236,2.11,20.38,36.66,NaN,NaN,4.0779,NaN,421.6461,1.984,2611.9644,1463.2302,774.3811,1052.4792,32.315,1989.3778,10.127,2078.6813,6873.4597,4.433,0.81142116,0.18973913,0.07325355,0.05730223,0.05419309,-13.068478,-94.233693
2019-04-21 12:00,NaN,NaN,28.6667,0.5874,2.14,13.47,78.26,NaN,NaN,5.0211,NaN,512.9607,2.1888,2184.1941,1412.7557,770.8976,923.503,42.2981,1752.9638,13.38,1771.8209,5334.7108,10.9353,0.94787623,0.20349556,0.07795912,0.06128919,0.05784537,-13.93524,-100.990208
2019-04-24 10:50,4.65,32.62,26.5567,0.6123,2.18,10.47,152.73,NaN,NaN,4.2273,NaN,517.6955,1.9275,1804.6104,1176.6659,700.5126,695.056,35.3441,1546.0911,12.8857,1468.1996,4041.5696,6.3741,0.8776132,0.19096801,0.07335608,0.05750392,0.05440988,-14.256417,-104.029497
2019-04-26 10:50,4.64,30.03,24.33,0.5695,2.14,9.35,148.74,NaN,NaN,5.2654,NaN,588.5124,2.4132,1865.1431,1234.4336,698.7076,723.9915,37.5023,1698.1145,12.1042,1548.4454,4440.5754,5.7364,0.85731266,0.18839717,0.07364467,0.05828456,0.05523252,-14.329301,-104.893902
2019-04-30 11:25,4.75,27.38,22.4133,0.5088,2.03,11.09,134.99,NaN,NaN,4.0367,NaN,500.3037,2.0725,1693.5143,1083.8177,581.6803,655.5063,29.1442,1474.6066,13.8897,1443.5369,4023.9417,6.7105,0.80193555,0.17712083,0.07019831,0.05587003,0.05290948,-14.200928,-104.169498
2019-05-08 12:43,4.83,27.74,22.17,0.4368,2.12,9.96,80.53,NaN,NaN,2.8561,NaN,465.7944,1.8354,1733.6248,1069.6118,522.5376,681.9173,28.7546,1490.3344,22.4843,1418.2651,4345.8083,6.9362,0.871652,0.1908113,0.07341835,0.05798117,0.05491143,-13.852877,-100.956944
2019-05-14 12:37,4.77,29.86,22.8167,0.4998,2.34,7.48,98.51,NaN,NaN,3.351,NaN,474.5189,2.0096,1689.4694,977.3165,507.8936,660.7502,27.4747,1510.5653,8.2384,1469.7216,4075.6628,8.4635,0.78421559,0.17498763,0.06831044,0.05403874,0.05118416,-13.560576,-98.578262
2019-05-21 14:12,5.11,30.28,17.6933,0.4072,2.06,4.48,96.73,NaN,NaN,5.3171,NaN,442.5479,2.1372,1937.6862,789.9561,501.0803,750.1544,24.9554,1758.978,8.0157,1883.7217,5016.4238,5.6417,0.63569045,0.14414453,0.05563192,0.04388579,0.04136643,-13.404913,-96.995408
2019-06-04 14:41,4.88,29.71,26.1067,0.4385,2.02,7.43,40.58,NaN,NaN,4.5407,NaN,536.4346,2.1905,1995.8628,1254.3207,371.6775,789.865,27.1896,1639.2334,9.0561,1428.1961,4554.8016,4.9335,0.99769985,0.22041386,0.084422,0.06639841,0.06274542,-13.074576,-94.657925
2019-07-02 15:03,5.61,28.95,17.6467,0.315,3.52,5.16,24.13,NaN,NaN,5.0113,NaN,455.3721,4.0053,2465.7677,937.5966,510.7711,909.6639,22.2492,2335.4478,26.8444,2089.5271,6137.6117,6.1631,0.70390319,0.16007163,0.0622525,0.04879754,0.04596044,-12.855047,-92.918271
2019-07-16 15:30,5.71,29.07,23.38,0.5125,3.51,4.34,16.39,NaN,NaN,4.5628,NaN,425.6103,3.1389,2266.0596,883.4336,523.693,875.2711,18.865,2227.3319,10.064,1931.9475,5924.7994,3.5341,0.68971921,0.15820516,0.06240362,0.04890422,0.04616196,-13.018612,-93.762838
2019-07-30 14:58,NaN,NaN,NaN,NaN,NaN,NaN,NaN,NaN,NaN,NaN,NaN,NaN,NaN,NaN,NaN,NaN,NaN,NaN,NaN,NaN,NaN,NaN,NaN,NaN,NaN,NaN,NaN,NaN,NaN,NaN
2019-08-13 14:55,5.92,32.29,15.64,0.5485,2.34,3.65,15.98,NaN,NaN,4.0285,NaN,348.5088,3.7815,2744.2847,583.9442,717.526,927.9929,18.6072,2270.5827,15.3364,2516.5834,6394.0164,5.513,0.47305383,0.10416825,0.03927052,0.03054101,0.02862947,-12.749239,-91.987804
2019-08-27 13:35,5.5,38.16,26.0533,LOD,2.74,5.48,16.7,NaN,NaN,4.6578,NaN,410.5612,3.7257,2802.5247,837.6175,560.7997,1100.7191,19.9769,2338.9397,23.0321,2949.7032,5907.2141,7.0978,0.61536276,0.13430351,0.05010516,0.03875254,0.03639343,-12.709478,-91.398219
2019-09-10 10:33,5.59,35.3,17.76,0.3301,3.45,5.68,25.86,NaN,NaN,5.0088,NaN,394.9042,3.0751,2687.408,960.5465,598.1241,1022.9971,15.6759,2411.2716,22.8921,2614.2293,6473.5345,5.1286,0.66599626,0.15252174,0.05851158,0.04562696,0.04302268,-12.74955,-91.841363
2019-10-08 10:49,5.69,36,17.23,0.3356,3.67,9.39,20.71,NaN,NaN,4.583,NaN,377.6829,2.5951,2754.1789,954.2655,494.6331,1133.2295,20.9326,2396.9358,24.0168,2653.226,6916.9287,6.4283,NaN,NaN,NaN,NaN,NaN,-12.544888,-90.874836
2019-10-22 10:46,5.72,34.17,16.25,0.3243,4.13,12.61,33.88,NaN,NaN,3.8576,NaN,336.3726,2.2608,2545.4783,851.7036,476.878,1046.2174,19.6322,2231.6136,19.0814,2489.7946,6512.7572,4.3914,0.57935533,0.12855136,0.04888765,0.03825851,0.03593877,-12.867995,-92.730469
2019-11-05 14:45,5.7,37.78,14.5333,0.3409,5.24,18.84,44.29,2282.73,LOD,4.0705,1204.08,364.0604,2.3333,2774.1013,996.5364,509.2294,1157.8077,27.9559,2463.2889,22.7656,2785.164,7375.2464,5.4873,0.5467393,0.1178855,0.04388486,0.03395692,0.03195857,-12.895682,-93.173618
2019-11-21 11:21,5.31,33.73,21.7633,0.3906,2.27,8.26,17.6,1925.97,LOD,4.1965,1056.12,422.8012,2.0157,2634.053,1264.2318,388.277,1111.8684,44.8632,2052.924,21.0765,2284.665,6212.2314,4.9975,0.80874438,0.17696692,0.06661203,0.05197281,0.04897127,-12.908408,-92.852828
2020-01-15 13:32,5.79,31.24,12.68,0.2619,4.43,12.89,39.69,1894.5,LOD,4.9182,943.803,303.8356,1.7504,2078.4865,811.2642,555.1433,924.1768,17.7236,2117.7212,16.2156,2319.0039,4510.4173,3.2771,NaN,NaN,NaN,NaN,NaN,-12.813114,-93.370738
2020-02-13 14:06,5.54,30.17,17.4467,0.3053,3.98,11.39,28.22,1658.47,LOD,5.4766,849.819,362.7139,1.6536,1997.227,1074.0343,513.0841,888.1157,22.5304,1886.7925,21.6545,2067.223,4390.1561,3.5077,NaN,NaN,NaN,NaN,NaN,-12.827081,-93.759704
2020-03-11 13:56,5.83,30,13.09,0.3057,1.72,14.38,41.3,1724.06,LOD,5.343,928.704,320.3692,1.6196,1998.8473,911.1933,513.7536,907.1606,19.7389,1977.8863,20.1612,2103.475,4398.8984,3.3904,NaN,NaN,NaN,NaN,NaN,-12.980597,-94.838626
2020-03-30 12:00,5.79,30,15.7133,0.3029,4.16,14.28,21.03,1653.52,LOD,5.7825,973.216,352.9312,1.6433,1974.164,1062.8128,606.1493,896.4596,19.2549,2014.9633,21.524,1969.1153,4573.914,3.7067,NaN,NaN,NaN,NaN,NaN,-13.001074,-94.771727
2020-04-08 16:01,5.85,30,13.4767,0.2643,3.09,10.94,38.21,1836.7,LOD,4.2841,1003.64,308.8723,1.5763,1977.4801,796.3856,573.2073,868.5305,17.4082,1975.5929,19.7171,2008.0666,4447.2301,3.1231,NaN,NaN,NaN,NaN,NaN,-13.033089,-94.861307
2020-04-17 15:21,5.73,30,16.3267,0.33,3.24,13.15,33.27,1593.75,LOD,5.945,933.582,374.969,1.5699,1989.8377,1057.002,602.9812,888.3462,19.2565,1963.7597,22.2491,1920.4878,4540.5784,3.2048,NaN,NaN,NaN,NaN,NaN,-13.098741,-95.359908
2020-04-20 16:59,5.32,30,23.0367,0.3948,2.01,6.08,15.2,1223.34,LOD,5.4601,711.355,454.4675,1.5806,1929.8467,1479.236,565.8547,840.7538,26.3986,1799.0753,24.9946,1594.8401,4034.5133,6.8077,NaN,NaN,NaN,NaN,NaN,-13.14931,-96.525937
2020-04-23 12:11,4.82,30,28.23,0.5069,2.32,7.56,65.31,922.522,LOD,5.628,569.99,536.1987,1.6424,1844.4119,1300.8684,559.4313,825.9809,28.5247,1667.7616,31.1434,1506.3762,3636.8712,6.2763,NaN,NaN,NaN,NaN,NaN,-13.46202,-98.919441
2020-04-27 12:00,4.91,30,22.9033,0.4686,2.72,8.58,96.99,1205.71,LOD,5.9611,678.795,488.1737,1.5057,1745.7861,1095.5673,492.2611,755.2622,23.1963,1653.2634,50.4886,1533.8537,3455.1412,12.4083,NaN,NaN,NaN,NaN,NaN,-13.3948,-98.930409
2020-04-30 09:21,5.07,30,20.1933,0.4159,1.42,8.77,98,1318.28,LOD,4.733,713.015,450.3158,1.4063,1703.979,1040.2633,471.5879,736.728,21.6165,1593.7367,15.5601,1578.902,3463.4359,5.4074,NaN,NaN,NaN,NaN,NaN,-13.319692,-98.291834
2020-05-04 12:00,4.81,30,24.99,0.4881,2.36,7.47,84.24,1087.37,LOD,5.9566,701.077,508.6457,1.6164,1623.3712,1096.2408,475.4928,694.1895,24.5585,1612.1476,16.5135,1368.1255,3179.4625,6.7928,NaN,NaN,NaN,NaN,NaN,-13.313397,-99.020345
2020-05-07 14:09,4.76,30,23.17,0.4947,2.58,7.88,103.33,1085,LOD,5.045,657.581,491.1311,1.5893,1547.4694,990.5021,466.8436,644.3703,21.8239,1455.6074,28.5951,1300.605,2966.4725,7.0008,NaN,NaN,NaN,NaN,NaN,-13.424427,-99.611789
2020-05-11 12:58,4.8,30,19.53,0.4899,2.3,10.65,92.04,1139.03,LOD,5.078,656.303,477.8777,1.4965,1517.4694,945.6678,385.0788,652.5095,21.3871,1486.9518,25.3596,1386.0021,3025.6752,7.8787,NaN,NaN,NaN,NaN,NaN,-13.277901,-99.174795
2020-05-14 12:48,4.9,30,19.4233,0.3925,1.96,6.84,64.94,1183.25,LOD,5.384,664.413,447.1695,1.3957,1505.6424,904.2035,331.1141,645.7279,20.7606,1457.1905,25.607,1419.0255,3109.3355,5.3208,NaN,NaN,NaN,NaN,NaN,-13.357211,-98.340459
2020-05-19 12:00,4.85,30,21.43,0.4557,1.5,5.69,77.63,1137.5,LOD,4.5449,626.582,469.7437,1.4922,1469.7244,1020.2912,362.4743,635.2097,20.6967,1492.2942,36.9229,1380.0051,3071.3304,6.6228,NaN,NaN,NaN,NaN,NaN,-13.310327,-98.228358
2020-05-26 11:23,4.86,30,20.1533,0.4278,2.03,6.16,109.92,1186.48,LOD,4.7527,627.836,460.6287,1.5685,1490.648,999.056,280.6168,630.7453,20.6384,1505.2921,22.9174,1422.231,3021.9302,14.9855,NaN,NaN,NaN,NaN,NaN,-13.19633,-97.891691
2020-06-02 15:12,5.23,30,16.0567,0.3514,1.72,5.11,80.93,937.813,LOD,5.1422,580.695,379.0504,1.9804,1705.1914,731.9776,462.3316,688.635,19.2034,1807.1085,37.0254,1784.5562,3395.4348,8.6381,NaN,NaN,NaN,NaN,NaN,-13.177026,-96.793312
2020-06-16 15:46,5.52,30,16.47,0.3482,2.86,4.87,40.13,1624.08,LOD,5.2336,830.512,368.4447,2.1413,1898.3359,582.2083,410.7242,776.838,20.4862,2009.9987,31.4451,1937.8981,3838.2139,5.8476,NaN,NaN,NaN,NaN,NaN,-13.164473,-96.343219
2020-06-30 10:59,5.74,30,13.04,0.2579,5.78,3.38,15.51,1761.81,LOD,6.8256,933.384,320.5265,2.3122,1854.2346,426.6154,531.777,711.686,20.799,2108.9885,39.6647,2045.2602,3893.4916,6.5073,NaN,NaN,NaN,NaN,NaN,-12.942382,-94.505387
2020-07-14 16:43,5.68,30,19.3767,0.3457,3.81,4.43,14.03,1584.48,LOD,7.9629,813.365,399.4079,2.2011,2123.7322,885.9741,655.423,893.5148,21.1389,2279.5793,43.6813,1858.3818,3797.7611,9.9299,NaN,NaN,NaN,NaN,NaN,-13.138196,-96.2933
2020-07-28 11:55,5.6,30,23.6933,0.4376,3.28,4.52,9.89,1343.34,LOD,7.5323,779.435,453.061,2.2852,2295.6704,1143.0633,460.6453,967.2115,24.0605,2112.0284,NaN,1713.8585,3879.946,10.2297,NaN,NaN,NaN,NaN,NaN,-13.104412,-95.98885
2020-08-11 12:00,5.99,30,17.2633,0.3488,4.28,8.48,24.65,1654.89,LOD,6.2769,990.613,332.6531,2.0137,2244.3806,793.3814,455.2565,835.2823,26.3817,2029.5286,36.0259,1829.8106,3913.6627,5.8462,NaN,NaN,NaN,NaN,NaN,-13.030796,-95.442237
2020-08-25 10:59,5.86,30,22.4867,0.3999,4.8,5.08,14.82,1416.32,LOD,10.0924,971.768,477.8885,2.266,2394.3626,1550.1452,528.3372,945.0733,31.6778,2245.2566,NaN,1807.6404,4390.2355,5.9775,NaN,NaN,NaN,NaN,NaN,-12.764787,-93.891604
2020-09-06 12:00,6,30,16.7533,0.3152,10.23,5.5,27.63,1544.11,LOD,8.2227,1018.58,373.219,2.1115,2342.5792,932.5694,570.543,850.7508,24.0185,2267.9738,NaN,1880.3879,4418.4798,9.8781,NaN,NaN,NaN,NaN,NaN,-12.913074,-94.49896
2020-09-22 13:37,5.83,30,22.3633,0.4521,3.36,4.82,22.83,1641.46,LOD,6.9545,1031,396.1612,2.0521,2407.5886,1201.5032,486.5941,1029.7394,26.96,2176.9438,NaN,2002.7636,4415.5916,4.0509,NaN,NaN,NaN,NaN,NaN,-12.822683,-94.253377
2020-10-06 14:25,5.69,33,23,0.46,3.63,12.85,20.92,1676.83,LOD,5.9224,1121.33,386.6068,2.097,2392.2159,1229.7605,488.1104,1024.0244,27.3725,2161.2927,44.5459,2035.6739,4332.3064,8.4968,NaN,NaN,NaN,NaN,NaN,-12.961407,-93.948165
2020-10-20 10:33,5.2,32,24,0.46,3.9,12.92,43.99,1647.34,LOD,7.9688,1097.47,513.7857,1.7669,2216.6715,1523.7797,351.3854,943.7114,35.0251,2016.0624,37.3982,2041.2314,4109.2384,10.6027,NaN,NaN,NaN,NaN,NaN,-13.025029,-94.217002
2020-11-03 14:03,4.47,34,34.1,0.64,1.97,9.1,58.41,1063.71,LOD,6.8519,839.857,610.867,2.4988,1743.5423,1263.9973,495.5632,694.4705,33.9314,1397.7461,16.9236,1351.9545,2618.8801,8.7675,NaN,NaN,NaN,NaN,NaN,-13.302937,-96.387207
2020-11-17 13:38,4.74,31,32.9,0.53,3.9,9.16,21.08,1110.68,LOD,6.8117,894.783,588.5611,1.9924,1901.7071,1514.2516,463.9075,768.2459,30.3151,1682.276,28.142,1455.5327,3393.8146,9.6917,NaN,NaN,NaN,NaN,NaN,-13.091231,-94.971473
2020-12-02 10:42,5.18,27,19.8,0.36,4.02,12.7,27.98,1388.49,LOD,6.1154,928.133,434.4672,1.6467,1683.3401,1169.9459,430.6678,710.6173,26.3588,1732.5556,14.981,1624.234,3842.0972,12.0572,NaN,NaN,NaN,NaN,NaN,-13.039733,-95.129024
2020-12-15 12:00,5.1,26,21.1,0.43,4.12,11.47,27.99,1295.28,LOD,5.629,864.737,442.9933,1.6827,1636.1128,1174.1158,419.2926,676.6098,25.4251,1685.7561,12.8459,1609.6859,3703.0193,6.1056,NaN,NaN,NaN,NaN,NaN,-12.986721,-94.378131
2021-01-11 14:51,5.33,0.026,16.1,0.33,3.91,13.86,25.83,1264.14,LOD,4.7319,803.219,424.8703,1.691,1522.1302,1028.8137,383.6918,617.5778,26.7401,1527.2256,11.0307,1622.9605,4988.1934,6.0281,NaN,NaN,NaN,NaN,NaN,-13.159254,-94.37583
2021-02-15 15:07,5.73,25.46,14.8,0.31,5.69,16.23,26.07,1397.18,LOD,4.3938,804.926,386.4334,1.6381,1574.074,1055.7419,512.0187,660.8136,18.1479,1735.8385,16.2668,1557.643,5314.3856,5.5841,NaN,NaN,NaN,NaN,NaN,-13.155393,-94.952845
2021-03-15 15:46,5.71,26.33,16.7,0.34,4.39,16.6,21.78,1326.11,LOD,4.7155,780.739,346.128,1.4366,1488.9301,1103.1893,409.8213,651.3311,18.9455,1458.1176,17.2314,1395.0314,4523.8543,4.7982,NaN,NaN,NaN,NaN,NaN,-13.258471,-95.282189
2021-03-29 11:04,5.44,24.59,21.7,0.33,3.86,12.15,15.22,1048.96,LOD,4.8728,671.189,435.4689,1.7059,1408.8939,1257.4131,384.2606,568.3793,18.0479,1292.43,49.7605,1167.4939,4300.3172,6.4387,NaN,NaN,NaN,NaN,NaN,-13.26364,-96.147741
2021-04-06 11:11,5.17,25.73,23.6,0.42,2.54,11.26,19.32,639.694,LOD,4.8322,454.255,463.7318,1.394,1424.7625,1436.4039,341.9235,502.7273,19.7391,1310.7073,10.3514,1171.0653,4208.434,5.7601,NaN,NaN,NaN,NaN,NaN,-13.307341,-96.632607
2021-04-12 11:23,5.42,24.57,18.8,0.33,3.01,12.83,25.29,1197.78,LOD,4.9364,709.325,403.2797,1.3143,1472.5947,1230.3273,376.9253,542.5344,19.6916,1342.7225,10.8638,1317.2604,4478.9838,3.6543,NaN,NaN,NaN,NaN,NaN,-13.258302,-96.154799
2021-04-19 14:38,4.94,24.89,27.8,0.48,2.5,9.01,24.64,916.032,LOD,4.8625,594.221,476.182,1.4232,1309.2068,1272.8588,347.9999,430.7825,19.2594,1145.2613,10.9762,921.2486,3344.5371,5.0312,NaN,NaN,NaN,NaN,NaN,-13.761029,-99.143592
2021-04-22 15:43,4.81,26.26,25.9,0.45,1.59,6.16,21.23,956.329,LOD,4.7644,563.644,519.3254,1.3646,1227.4123,1168.3511,363.5449,467.6913,18.4693,1119.7269,8.4317,1058.4705,3350.9054,13.5849,NaN,NaN,NaN,NaN,NaN,-13.934509,-100.676721
2021-04-26 14:01,5.05,24.7,20.7,0.39,2.24,10.36,53.94,1131.46,LOD,4.3538,645.42,438.9523,1.276,1314.5226,1081.1025,462.0693,646.0429,18.2947,1280.6609,8.6068,1384.9151,3660.6136,6.035,NaN,NaN,NaN,NaN,NaN,-13.740912,-99.080426
2021-04-28 11:06,5.11,24.17,20.6,0.38,1.74,9.85,46.62,1122.74,LOD,3.8925,644.574,400.274,1.3652,1240.581,1011.6326,329.1376,449.2655,16.9465,1165.7183,7.0284,1179.9698,3620.9422,5.0755,NaN,NaN,NaN,NaN,NaN,-13.714539,-99.058967
2021-05-03 11:34,5.12,23.04,20.8,0.35,1.71,7.36,18.01,1054.87,LOD,4.447,613.249,392.938,1.3041,1234.7676,1034.6027,342.6998,406.9487,16.0592,1118.9448,9.0552,1066.5695,3255.4068,4.0235,NaN,NaN,NaN,NaN,NaN,-13.742643,-99.478818
2021-05-06 12:42,5.01,23.76,23.9,0.39,1.18,8.8,28.44,990.185,LOD,4.4346,571.762,444.809,1.2619,1210.9853,1111.635,361.8198,490.0177,16.1678,1121.5713,9.048,963.6994,3618.9499,4.3538,NaN,NaN,NaN,NaN,NaN,-13.820286,-99.99722
2021-05-11 11:35,4.81,24.11,24.8,0.45,2.25,9.55,39.84,831.342,LOD,4.9768,497.495,577.3904,1.6718,1222.295,1138.1252,380.6881,512.1763,18.0749,1186.3223,12.0377,1068.7331,3869.8373,8.0633,NaN,NaN,NaN,NaN,NaN,-14.16399,-102.629641
2021-05-15 12:50,4.67,22.9,22.8,0.51,2.03,9.38,69.95,750.584,LOD,3.9657,432.485,451.0953,1.5585,918.3759,773.0397,407.8646,385.9837,16.1216,902.9424,NaN,804.6151,2473.9203,8.8054,NaN,NaN,NaN,NaN,NaN,-14.712733,-107.478741
2021-05-18 14:32,4.63,23.83,24.2,0.48,1.03,10.11,59.02,459.767,LOD,3.5146,315.061,463.0932,1.6929,936.492,859.2138,357.8556,374.9372,15.8868,959.8023,13.0044,803.7368,2329.2466,6.6474,NaN,NaN,NaN,NaN,NaN,-14.582615,-106.103734
2021-05-27 15:37,5.04,23.97,16.2,0.31,1.76,9.79,38.98,1122.2,LOD,4.5565,625.727,415.2954,1.5133,1186.1661,789.9307,281.0456,415.6959,17.5632,1113.8745,14.4363,1175.2924,3065.6685,5.0285,NaN,NaN,NaN,NaN,NaN,-13.978961,-101.564175
2021-06-07 17:53,4.78,57.77,23.3,0.39,1.96,10.61,16.25,969.21,LOD,5.2536,717.806,449.6585,1.758,1288.3285,1206.5695,282.379,527.0229,22.6176,1189.4447,11.7004,1041.3951,3449.9583,5.178,NaN,NaN,NaN,NaN,NaN,-13.700372,-99.212611
2021-06-21 09:27,4.79,25.84,33.4,0.53,2.78,9.66,13.01,639.111,LOD,7.3089,582.676,597.3202,2.0917,1511.6622,1559.1416,194.3948,521.7492,23.7446,1093.6625,14.3112,814.4602,2613.8047,7.3878,NaN,NaN,NaN,NaN,NaN,-12.534232,-89.983264
2021-07-06 15:54,5.53,26.88,17,0.37,5.69,12.17,28.05,1354.69,LOD,6.5668,847.448,396.888,2.0991,1423.2784,760.677,340.9733,437.1098,24.5139,1547.699,10.9882,1378.2291,3514.376,6.3849,NaN,NaN,NaN,NaN,NaN,-13.452753,-96.25685
2021-07-21 14:43,5.54,28.53,25.4,0.47,6.3,8.19,20.77,1162.37,LOD,5.199,867.08,3.2677,1.3904,1362.9099,1271.3845,250.8295,785.7642,18.68,2098.3218,LOD,880.0701,6080.8361,3.4062,NaN,NaN,NaN,NaN,NaN,-13.020813,-93.54137
2021-08-02 10:26,5.68,28.86,23.4,0.42,4.99,12.21,20.36,1237.35,LOD,8.7453,899.764,444.9966,2.0704,1749.4721,1298.105,411.9144,522.1215,27.9151,1641.9996,13.6803,1278.5942,3896.1167,4.4883,NaN,NaN,NaN,NaN,NaN,-13.11762,-94.202317
2021-08-31 12:00,5.34,30.01,27.3,0.48,6.13,18.22,22.35,1215.06,LOD,7.9958,881.668,476.8793,1.9496,2007.5677,1625.7473,390.4123,548.4865,37.6807,1526.3607,15.1754,1327.1842,3678.9103,7.3923,NaN,NaN,NaN,NaN,NaN,-13.021594,-93.124642
2021-08-31 13:56,5.7,29.72,25.7,0.45,6.64,13.75,19.91,1117.1,LOD,9.1965,922.148,495.7776,2.1167,1970.0732,1605.0321,465.4109,575.7277,27.1957,1719.6336,20.3543,1258.9797,3773.1401,5.3655,NaN,NaN,NaN,NaN,NaN,-13.025429,-93.500363
2021-09-13 15:19,5.65,28.88,26.7,0.5,5.67,20.66,26.16,1064.67,LOD,8.2636,1020.66,503.1183,1.778,2004.5971,1647.2262,394.0239,734.0545,37.8946,1649.8448,16.1265,1339.5646,4632.6105,4.7377,NaN,NaN,NaN,NaN,NaN,-12.994178,-93.422165
2021-09-27 11:27,4.9,30.52,31.8,0.56,4.55,12.56,26.84,1142.58,LOD,7.2344,995.378,686.6966,1.7312,1948.4029,1948.68,253.1211,764.836,34.9333,1591.8216,17.0938,1340.3264,4306.8019,5.7264,NaN,NaN,NaN,NaN,NaN,-12.69239,-90.685019
2021-10-12 15:24,4.01,2.74,31,0.54,4.59,13.34,32.52,1075.9,LOD,6.7852,1047.45,588.3136,3.7163,1649.565,1699.238,459.1361,671.4609,28.4044,1492.2756,19.8231,1357.1689,4516.9523,6.8886,NaN,NaN,NaN,NaN,NaN,-12.677216,-90.292277
2021-10-26 15:57,4.83,26.75,28.5,0.48,4.48,11.52,25.99,953.192,LOD,5.9548,883.96,555.639,1.4145,1479.9097,1569.4863,221.5507,520.308,26.1836,1303.1845,11.4286,1048.0003,3427.2719,7.4336,NaN,NaN,NaN,NaN,NaN,-13.039297,-92.462601
2021-11-08 14:08,4.94,25.86,26.3,0.42,4.22,12.87,32.73,1035.23,LOD,6.0381,850.73,503.6824,1.3907,1258.9065,1303.4872,306.8492,506.9857,22.1024,1281.9337,13.9627,1088.5166,3608.1982,5.5117,NaN,NaN,NaN,NaN,NaN,-13.109971,-93.562231
2021-11-22 11:31,5.33,24.82,26.4,0.36,4.03,19.04,23.77,1207.94,LOD,5.2,890.533,510,1.8,2000,1700,400,800,39,2300,12,1800,6900,4.9,NaN,NaN,NaN,NaN,NaN,-13.255999,-94.146081
2021-12-14 12:00,5.64,24.19,14.8,0.31,2.2,21.43,25.82,1317.26,LOD,4.7387,852.805,338.3108,1.4843,1360.4575,1038.981,379.8684,565.5496,26.1219,1453.7215,11.9173,1329.4399,4777.8667,4.3302,NaN,NaN,NaN,NaN,NaN,-13.221416,-94.402436
2022-01-09 11:18,5.88,25.09,12.9,0.25,6.3,23.62,27,1327.22,LOD,4.7,854.657,350,1.8,2000,1100,540,860,31,2200,12,1900,7000,4.6,NaN,NaN,NaN,NaN,NaN,-13.353891,-95.083292
2022-02-10 14:24,5.96,26.45,13.6,0.27,3.86,20.9,41.59,1516.51,LOD,4.4,858.991,360,2,2100,1200,520,900,20,2400,9.9,2200,7700,3.7,NaN,NaN,NaN,NaN,NaN,-13.333691,-94.912646
2022-03-07 13:47,6.07,27.33,11.6,0.27,4.19,20.01,48.7,1573.39,LOD,4.6,862.851,320,1.8,2200,940,550,910,19,2400,8.7,2100,7700,4.4,NaN,NaN,NaN,NaN,NaN,NaN,NaN
2022-04-04 13:37,5.9,26.1,17.4,0.34,4.66,24.62,38.43,1306.48,LOD,4.5,743.298,400,1.6,2100,1500,570,880,28,2100,13,1900,7400,3.8,NaN,NaN,NaN,NaN,NaN,-13.158141,-94.509242
2022-04-20 11:27,5.05,24.72,27,0.46,3.42,10.59,30.24,493.417,LOD,5,393.354,600,1.6,1800,1900,510,770,37,1800,17,1200,6200,8.6,NaN,NaN,NaN,NaN,NaN,-13.651285,-100.029317
2022-04-25 10:50,4.9,23.7,24.6,0.48,5.75,10.91,97.56,886.229,LOD,4.5,510.095,600,1.8,1700,1700,470,710,35,1700,17,1300,5700,7.2,NaN,NaN,NaN,NaN,NaN,-13.998461,-101.579959
2022-04-28 14:42,5.2,23.81,21.6,0.47,2.91,14.65,97.41,1082.73,LOD,4.3,557.31,540,1.6,1800,1400,430,710,30,1900,18,1500,5900,7,NaN,NaN,NaN,NaN,NaN,-13.721511,-99.483653
2022-05-02 14:15,5.07,21.68,22.1,0.43,3.22,12.85,58.83,898.613,LOD,4.6,565.426,540,1.5,1800,1700,450,690,31,1700,24,1300,5700,12,NaN,NaN,NaN,NaN,NaN,-13.74571,-99.60058
2022-05-05 11:45,5.21,23.41,18.6,0.4,2.51,13.33,71.97,1008.41,LOD,4,563.245,480,1.4,1700,1500,400,700,29,1700,11,1400,5700,6.5,NaN,NaN,NaN,NaN,NaN,-13.754275,-99.202881
2022-05-09 15:30,5.15,22.67,20.4,0.43,3.38,11.73,47.28,964.859,LOD,4.5,565.143,520,1.5,1700,1600,380,690,30,1700,12,1400,5700,5,NaN,NaN,NaN,NaN,NaN,-13.591344,-98.474838
2022-05-12 11:31,5.04,22.53,22.4,0.47,3.1,13.16,73.36,898.904,LOD,4.7,553.667,550,1.6,1700,1800,420,720,30,1700,16,1300,5800,6.2,NaN,NaN,NaN,NaN,NaN,-13.613297,-98.20203
2022-05-17 11:58,5.24,23.09,18.9,0.42,3.28,15.07,90.94,917.526,LOD,4.7,560.294,510,1.7,1900,1500,370,690,29,1800,12,1600,6500,6.5,NaN,NaN,NaN,NaN,NaN,-13.394246,-96.883121
2022-05-24 14:53,5.5,24.08,15.7,0.36,2.65,13.39,80.92,712.557,LOD,4.4,442.313,470,2.2,1900,1100,400,810,26,2100,11,2100,6800,4.2,NaN,NaN,NaN,NaN,NaN,-13.312542,-96.216309
2022-06-09 11:44,5.48,24.82,18.5,0.35,2.48,12.14,39.92,1193.48,LOD,5,650.108,440,2.4,1900,1200,460,760,28,2100,12,1700,6300,5,NaN,NaN,NaN,NaN,NaN,-12.976704,-93.825693
2022-06-22 11:33,5.15,26.27,26.1,0.47,2.53,12.71,40.97,973.042,LOD,5.8,608.6,680,2.3,2100,1800,310,940,35,2300,14,1500,6800,8,NaN,NaN,NaN,NaN,NaN,-13.397387,-97.472101
2022-07-06 10:53,5.18,27.47,30.9,0.53,3.11,13.2,23.4,661.547,LOD,7.7,551.568,650,2.8,2100,2100,320,900,32,2100,18,1600,6100,9.1,NaN,NaN,NaN,NaN,NaN,-13.150425,-94.21017
2022-07-18 14:10,4.96,27,28.8,0.52,2.5,11.84,58.31,938.745,LOD,6.8,626.792,740,2.7,2300,2100,230,880,38,2000,21,1500,6200,11,NaN,NaN,NaN,NaN,NaN,-12.930011,-93.063356
2022-08-04 14:12,5.64,25.66,21.8,0.44,3.08,14.35,26.67,1099.78,LOD,7,854.293,560,2.8,2200,1300,470,870,35,2200,16,1700,7500,8,NaN,NaN,NaN,NaN,NaN,-13.150153,-94.540859
2022-09-01 12:48,5.92,28.14,20,0.36,2.58,23.18,30.67,1158.21,LOD,7.4,907.205,500,2.3,2200,1600,500,850,36,2200,12,1600,7700,7.1,NaN,NaN,NaN,NaN,NaN,-12.934929,-93.337559
2022-09-14 11:35,5.96,28.02,16.1,0.31,1.48,4.06,25.62,1268.28,LOD,7.2,967.735,460,2.3,2400,1100,620,900,30,2600,8.3,2000,8500,5.5,NaN,NaN,NaN,NaN,NaN,-13.029529,-93.72263
2022-09-27 12:03,5.39,29.2,27.7,0.47,2.96,19.69,17.04,1052.66,LOD,7.5,954.433,580,2.1,2400,2200,420,1100,38,2500,16,1700,7700,6.2,NaN,NaN,NaN,NaN,NaN,-12.816601,-92.035718
2022-10-11 14:42,5.26,27.68,27.5,0.46,2.99,17.62,19.71,824.323,LOD,6.9,837.343,640,2.2,2100,2400,350,930,43,2300,17,1700,8100,5.6,NaN,NaN,NaN,NaN,NaN,-12.833056,-91.808182
2022-10-25 16:26,5.61,26.74,21.6,0.39,3.27,23.73,24.39,1068.24,LOD,5.5,958.171,480,1.6,2000,1800,370,850,35,2100,14,1600,7100,6.1,NaN,NaN,NaN,NaN,NaN,-12.903705,-92.182153
2022-11-09 11:08,5.36,25.83,25.1,0.44,3.84,21.92,21.72,1003.23,LOD,5.2,1006.06,580,1.9,1800,2500,290,870,38,2200,16,1500,8000,7,NaN,NaN,NaN,NaN,NaN,-12.895114,-92.023652
2022-11-21 13:49,3.31,0.05,18.5,0.35,3.52,25.19,28.97,1241.17,LOD,4.9,922.343,410,1.6,2000,1500,350,800,31,1900,11,1600,7100,3.7,NaN,NaN,NaN,NaN,NaN,-12.796429,-92.0828
2022-12-13 14:15,5.86,26.34,14.7,0.31,3.42,28.08,31.03,1345.6,LOD,5,883.578,410,2,2200,1600,510,900,35,2600,13,2100,8400,10,0.671234,0.153275,0.058884,0.045975,0.043503,-13.081116,-93.445173
2023-01-17 12:32,5.96,27.55,NaN,NaN,2.32,24.48,36.09,1356.35,LOD,NaN,824.427,NaN,NaN,NaN,NaN,NaN,NaN,NaN,NaN,NaN,NaN,NaN,NaN,0.686661,0.160797,0.062073,0.04863,0.045944,-13.102019,-93.502934
2023-02-15 14:06,5.99,25.78,14.9,0.33,2.4,24.21,36.07,1343.41,LOD,NaN,807.889,NaN,NaN,NaN,NaN,NaN,NaN,NaN,NaN,NaN,NaN,NaN,NaN,0.688858,0.158905,0.06105,0.047897,0.045288,-12.985691,-93.362894
2023-03-14 11:15,6.04,27.26,16.1,0.33,3.39,27.36,39.3,1284.84,LOD,NaN,762.968,NaN,NaN,NaN,NaN,NaN,NaN,NaN,NaN,NaN,NaN,NaN,NaN,0.678,0.155,0.057,0.044,0.041,-13.05294,-93.427455
2023-04-05 11:02,6.08,28.24,14.3,0.34,3.21,30.95,51.83,1391.18,LOD,NaN,788.585,NaN,NaN,NaN,NaN,NaN,NaN,NaN,NaN,NaN,NaN,NaN,NaN,NaN,NaN,NaN,NaN,NaN,-13.104626,-93.892676
2023-04-14 11:38,5.62,24.84,21.6,0.34,3.05,18.74,20.28,936.488,LOD,NaN,648.721,NaN,NaN,NaN,NaN,NaN,NaN,NaN,NaN,NaN,NaN,NaN,NaN,1.009,0.232,0.09,0.071,0.067,-13.262889,-95.1784
2023-04-18 11:18,5.56,24.03,22.3,0.36,3.37,16.77,20.51,861.06,LOD,NaN,643.792,NaN,NaN,NaN,NaN,NaN,NaN,NaN,NaN,NaN,NaN,NaN,NaN,1.061,0.242,0.094,0.074,0.07,-13.304071,-95.388737
2023-04-25 14:13,5.05,24.71,20.9,0.41,2.6,12.45,100.11,1018.17,LOD,NaN,563.698,NaN,NaN,NaN,NaN,NaN,NaN,NaN,NaN,NaN,NaN,NaN,NaN,0.937,0.206,0.079,0.062,0.059,-13.61034,-97.9007
2023-04-27 11:23,4.82,25.37,23.8,0.41,2.4,9.91,70.43,803.108,LOD,NaN,605.01,NaN,NaN,NaN,NaN,NaN,NaN,NaN,NaN,NaN,NaN,NaN,NaN,1.109,0.243,0.092,0.072,0.068,-13.677668,-98.578697
2023-05-03 10:45,4.87,24.19,21.8,0.41,2.38,10.43,81.34,745.04,LOD,NaN,500.38,NaN,NaN,NaN,NaN,NaN,NaN,NaN,NaN,NaN,NaN,NaN,NaN,1.018,0.223,0.084,0.066,0.062,-13.820612,-99.257373
2023-05-09 10:49,4.74,24.1,23.2,0.44,1.97,9.28,81.39,758.278,LOD,NaN,545.685,NaN,NaN,NaN,NaN,NaN,NaN,NaN,NaN,NaN,NaN,NaN,NaN,1.1,0.239,0.092,0.072,0.069,-13.983963,-100.722463
2023-05-12 13:17,4.7,22.59,20.5,0.41,2.08,8.46,93.75,688.636,LOD,NaN,413.857,NaN,NaN,NaN,NaN,NaN,NaN,NaN,NaN,NaN,NaN,NaN,NaN,0.981,0.215,0.084,0.066,0.063,NaN,NaN
2023-05-15 14:17,4.93,22.97,18,0.38,2.41,9.8,96.92,559.181,LOD,NaN,360.698,NaN,NaN,NaN,NaN,NaN,NaN,NaN,NaN,NaN,NaN,NaN,NaN,0.886,0.197,0.076,0.059,0.056,-13.884009,-100.214439
2023-05-23 14:32,5.32,23.35,15.5,0.32,2.29,7.43,79.96,1213.57,LOD,NaN,621.092,NaN,NaN,NaN,NaN,NaN,NaN,NaN,NaN,NaN,NaN,NaN,NaN,0.745,0.167,0.064,0.051,0.047,-13.578229,-97.403343
2023-06-07 16:17,5.72,25.23,13.1,0.26,2.39,10.76,38.2,1346.74,LOD,NaN,703.475,NaN,NaN,NaN,NaN,NaN,NaN,NaN,NaN,NaN,NaN,NaN,NaN,0.596,0.132,0.051,0.04,0.037,-13.411041,-96.326623
2023-06-20 11:10,5.9,27.97,10.6,0.21,1.44,5.4,21.92,1635.83,LOD,NaN,796.377,NaN,NaN,NaN,NaN,NaN,NaN,NaN,NaN,NaN,NaN,NaN,NaN,0.477,0.103,0.039,0.03,0.028,-13.312074,-95.715615
2023-07-04 14:06,5.86,27.69,11.8,0.21,0.96,4.4,6.21,1358.72,LOD,NaN,750.204,NaN,NaN,NaN,NaN,NaN,NaN,NaN,NaN,NaN,NaN,NaN,NaN,0.526,0.115,0.044,0.034,0.032,-13.083071,-94.507167
2023-07-18 14:07,5.73,27.17,17.2,0.3,1.61,6.52,7.7,1343.2,LOD,NaN,864.823,NaN,NaN,NaN,NaN,NaN,NaN,NaN,NaN,NaN,NaN,NaN,NaN,0.83,0.194,0.077,0.061,0.057,-12.998848,-93.626371
2023-08-01 14:20,5.82,28.58,18.6,0.31,1.79,7.59,6.31,855.584,LOD,NaN,599.03,NaN,NaN,NaN,NaN,NaN,NaN,NaN,NaN,NaN,NaN,NaN,NaN,0.926,0.213,0.082,0.063,0.059,-13.095997,-93.948438
2023-08-15 10:04,5.13,34.23,30.2,0.45,2.71,10.7,14.59,1558.77,LOD,NaN,911.037,NaN,NaN,NaN,NaN,NaN,NaN,NaN,NaN,NaN,NaN,NaN,NaN,1.374,0.311,0.119,0.094,0.089,-12.47314,-89.271214