TITLE: Chemical variables - Stream from Västrabäcken, north-eastern Sweden.
SITES STATION: Svartberget Field Research Station
TIME PERIOD: YYYY-MM-DD - YYYY-MM-DD
TIME RESOLUTION: IRREGULAR
TIME ZONE: UTC +1
SAMPLING POINT: Västrabäcken, C2
LATITUDE: 64.251425
LONGITUDE: 19.777804
Altitude: 237.6 m a.s.l.

FILE RETRIEVED FROM: https://data.fieldsites.se Link to metadata landing page is available in separate file in the downloaded zip.
DATA POLICY: SITES data is licensed under a Creative Commons Attribution 4.0 international license (http://creativecommons.org/licenses/by/4.0/).

PARAMETERS & UNITS: DOC (mg C L-1), TOT-N (mg N L-1), PO4-P (µg P L-1), NH4-N (µg N L-1), NO2/NO3-N (µg N L-1), SO4-S (µg S L-1), F (µg L-1), Br (µg L-1), Cl (µg L-1), Al (µg L-1), B (µg L-1), Ca (µg L-1), Fe (µg L-1), K (µg L-1), Mg (µg L-1), Mn (µg L-1), Na (µg L-1), P (µg L-1), S (µg L-1), Si (µg L-1), Zn (µg L-1), ABS (dimensionless), 18O (%vsVSMOW), 2H (%vsVSMOW)

COMMENTS: Stream order: 1, Catchment area: 0.013 km2

METHODS AND DETECTION LIMITS:
pH and SCOND Method: pH and conductivity with 2 point calibration: 4.01 and 7.0 pH. Sample automatically heated to 25 °C. Instrument: Mettler toledo Dgi117-water, glass electrode with sensor chip.
DOC (mg C L-1) and TOT-N (mg N L-1) Method: SS-EN 1484; Instrument: Shimadzu TOC-VCPH, equipped with a TNM-1 unit and an ASI-V autosampler. Measurements on filtered water (pore size: 0.45 µm). Detection limit: 0.5 mg C L-1
PO4-P (µg P L-1) Method: Bran & Leubbe Method G-287-03; Instrument: Autoanalyzer 3 HR from Seal Analytical (2011; Detection limit: 0.4 µg P L-1
NH4-N (µg N L-1) Method: Bran & Leubbe Method G-171-96; Instrument: Autoanalyzer 3 HR from Seal Analytical (2011); Detection limit: 0.3 µg N L-1
Sum of NO3-N and NO2-N (µg N L-1) Method: SS-EN ISO 13 395 for Bran & Leubbe Method G-284-08 Rev. 4; Instrument: Autoanalyzer 3 HR from Seal Analytical (2011); Detection limit: 0.4 µg N L-1
SO4-S (µg S L-1); F (µg L-1); Cl (µg L-1): Method: SS-EN ISO 10304-1:2007; Instrument: Modular IC (Methrom), equipped with an auto sampler, guard column (Dionex IonPacTM AG22) followed by an anion-exchange column (Dionex IonPacTM AS22), CO2-suppressor and a conductivity detector; Detection limits: SO4-S 100 µg L-1; F 200 µg L-1 ; Cl 200 µg L-1
Cations: Method: 2011-2017: SS-EN ISO 11885:2009; Instrument: ICP-AES Inductively coupled plasma atomic emission spectroscopy (Spectro Ciros); Detection limits: Al = 1 µg L-1; K = 60 µg L-1; S = 30 µg L-1; B = 8 µg L-1; Mg = 1 µg L-1; Zn = 1 µg L-1; Ca = 20 µg L-1; Mn = 1 µg L-1; Si = 20 µg L-1; Cu = 3 µg L-1; Na = 10 µg L-1; Fe = 20 µg L-1; P = 20 µg L-1. 2018-: ISO 17294-2:2016, Instrument: ELEMENT 2, ThermoScientific; Detection limits: Al = 0.2 µg L-1; K = 5 µg L-1; S = 5 µg L-1; B = 0.08 µg L-1; Mg = 0.1 µg L-1; Zn = 0.04 µg L-1; Ca = 2.74 µg L-1; Mn = 0.01 µg L-1; Si = 1.8 µg L-1; Cu = 0.01 µg L-1; Na = 10 µg L-1; Fe = 0.11 µg L-1; P = 0.2 µg L-1.
Absorbance: Method: 2011-2016: SS-EN ISO 7887, part B, flow cuvette used: 5 mm (calculated to 10 mm). Absorbance is reported on filtered or unfiltered samples between 240 and 800 nm. 2017-2022: Absorbance is measured on filtered water (pore size: 0.45 µm); Measured: Spectral scan (240-800 nm); Instrument: HORIBA Aqualog with a 10 mm cuvette; Backup instrument (used mid 2017 to 2017-12-09): Varian Cary 50 UV-Vis spectrophotometer equipped with a Varian SPS3 sample preparation system and a 5 mm flow cuvette (recalculated to 10 mm). 2023-: Absorbance is measured on filtered water (pore size: 0.45 µm); Measured: Spectral scan (220-900 nm); Instrument: Shimadzu UV-1900i with a 10 mm through flow cuvette.
18O & 2H (%vsVSMOW) METHOD: Samples analyzed four times, then averaged after corrections according to van Geldern and Barth (2012, doi:10.4319/lom.2012.10.1024); Instrument: Picarro cavity ringdown laser spectrometer (L2130-i) with a vaporizer module (A0211); Signatures calibrated using 4 inhouse laboratory standards which in turn have been calibrated against VSMOW, GISP and SLAP. Accepted st.dev of control samples were 0.15‰ for 18O and 0.3‰ for 2H.

PARAMETER AND COLUMN INFO:
TIMESTAMP – Time in [YYYY-MM-DD (hh:mm)] UTC+1.
pH - pH (unitless).
SCOND - Specific Conductivity (µS cm-1 @ 25°C).
DOC - Dissolved organic Carbon (C part of DOC, mg C L-1). 
TOT-N - Total Nitrogen (mg N L-1). 
PO4-P - Phosphate-P (P part of PO4, µg P L-1). 
NH4-N - Ammonium-N (N part of NH4, µg N L-1). 
NO2/NO3-N - Nitrite-N/Nitrate-N (N part of NO2 and NO3, µg N L-1). 
SO4-S - Sulphate-S (S part of SO4, µg S L-1). 
F - Flourine (µg L-1). 
Br - Bromine (µg L-1). 
Cl - Chlorine (µg L-1). 
Al - Aluminium (µg L-1). 
B - Boron (µg L-1). 
Ca - Calcium (µg L-1). 
Fe - Iron (µg L-1). 
K - Potassium (µg L-1). 
Mg - Magnesium (µg L-1). 
Mn - Mangan (µg L-1). 
Na - Sodium (µg L-1). 
P - Phosphorus (µg L-1). 
S - Sulphur (µg L-1). 
Si - Silicon (µg L-1). 
Zn - Zinc (µg L-1). 
ABS254nm - Absorbance at 254nm wavelength (dimensionless). 
ABS365nm - Absorbance at 365nm wavelength (dimensionless). 
ABS420nm - Absorbance at 420nm wavelength (dimensionless). 
ABS436nm - Absorbance at 436nm wavelength (dimensionless). 
ABS440nm - Absorbance at 440nm wavelength (dimensionless). 
18O - Proportion Oxygen-18 in Water (%vsVSMOW).
2H - Proportion Deuterium in Water (%vsVSMOW).
####
TIMESTAMP,pH,SCOND,DOC,TOT-N,PO4-P,NH4-N,NO2/NO3-N,SO4-S,F,Br,Cl,Al,B,Ca,Fe,K,Mg,Mn,Na,P,S,Si,Zn,ABS254nm,ABS365nm,ABS420nm,ABS436nm,ABS440nm,18O,2H
2011-01-18 11:42,5.67,NaN,NaN,NaN,4.35,22.31,8.39,2500,LOD,62.6627,1315,271.8406,1.3624,2873.8827,719.7696,447.4974,1048.0519,19.5659,2069.4056,7.5952,NaN,1136.1857,19.5183,NaN,NaN,NaN,NaN,NaN,-13.225387,-95.864814
2011-02-21 15:58,5.73,NaN,14.29,0.4171,4.38,63.95,9.52,3531,LOD,21.6797,985,296.3357,1.7555,3526.5523,1353.555,647.4536,1351.9144,55.9236,2427.3244,15.6149,NaN,1237.7222,NaN,NaN,NaN,NaN,NaN,NaN,-13.468042,-97.598527
2011-03-21 14:30,5.97,NaN,13.92,0.3898,5.31,59.47,7.11,3521,205,20.6616,891,256.7607,1.9589,4790.3896,986.099,750.7631,1745.9797,33.1048,2635.7878,9.1993,NaN,1413.8085,7.9568,NaN,NaN,NaN,NaN,NaN,-13.424214,-97.533733
2011-04-04 11:48,5.94,NaN,11.67,0.4777,7.08,58.41,10.58,3477,200,26.8249,986,190.2416,1.8492,4115.5773,374.1182,724.8458,1442.899,24.3896,2460.8282,12.6006,NaN,1301.7331,4.6324,NaN,NaN,NaN,NaN,NaN,-13.388072,-97.461234
2011-04-11 15:08,5.18,23.7,21.48,0.4627,6.51,18.53,9.4,1513,LOD,93.2591,1357,499.6899,1.3832,1993.9512,1123.0493,651.6199,850.5523,16.0138,1956.3149,13.0738,NaN,1825.7912,3.5927,NaN,NaN,NaN,NaN,NaN,-13.426688,-97.855865
2011-04-14 10:37,4.8,27.5,28.16,0.5737,3.62,32.86,8.64,1717,LOD,40.8454,1334,592.2411,1.4084,2145.7821,1152.6754,587.1814,866.6987,23.6149,1820.207,12.6902,NaN,2085.1656,6.7952,NaN,NaN,NaN,NaN,NaN,-13.574622,-98.545725
2011-04-18 12:06,4.35,26.4,29.32,0.5965,3.22,24.99,10.9,1185,LOD,16.0739,990,445.8054,1.5461,1688.8067,805.9253,732.1954,609.6293,31.3747,1285.2717,13.9221,NaN,1025.2493,5.7052,NaN,NaN,NaN,NaN,NaN,-14.002626,-101.996037
2011-04-21 12:06,4.64,24.35,25.11,0.4946,3.5,20.54,8.21,1280,LOD,19.6373,867,532.0388,1.6762,1794.6243,966.3861,547.4951,700.9467,31.5058,1477.5844,12.7743,NaN,1768.0891,6.4135,NaN,NaN,NaN,NaN,NaN,-13.903108,-100.651078
2011-04-25 11:00,4.73,NaN,23.15,0.4719,3.24,18.83,9.15,1085,LOD,15.5058,718,509.5234,1.4224,1603.9404,953.0939,390.1338,619.1882,27.6085,1334.0387,12.6055,NaN,1458.1505,5.7037,NaN,NaN,NaN,NaN,NaN,-13.916011,-100.78302
2011-05-02 14:10,4.86,20.19,15.89,0.3771,3.68,15.22,10.14,1412,LOD,20.2039,740,365.5346,1.3112,1348.4996,869.5616,371.9131,566.4969,15.7321,1400.6646,7.4378,NaN,1303.4425,3.8722,NaN,NaN,NaN,NaN,NaN,-13.499283,-97.495735
2011-05-09 15:25,4.88,19.94,14.41,0.3247,0.15,30.69,4.94,1459,LOD,21.8887,740,353.5912,1.2607,1361.9521,759.0136,272.2341,557.3494,13.3791,1515.8047,6.4226,NaN,1172.2801,3.8342,NaN,NaN,NaN,NaN,NaN,NaN,NaN
2011-05-23 16:45,5.04,NaN,17.17,0.3276,0.56,15.16,5.91,1549,LOD,24.4418,881,357.1534,1.0882,1403.7041,710.7564,108.2315,567.9319,10.7676,1423.129,4.8784,NaN,1365.7603,3.5037,NaN,NaN,NaN,NaN,NaN,-13.17415,-95.429273
2011-06-07 14:45,5.09,23.75,17.6,0.3751,3.33,14.2,8.66,1808,LOD,30.6043,906,411.772,1.3868,1999.0285,776.7179,182.9512,774.2555,11.7795,1877.8002,5.851,NaN,1716.9742,4.4633,NaN,NaN,NaN,NaN,NaN,NaN,NaN
2011-06-21 13:40,5.2,23.51,17.42,0.4057,1.15,15.18,7.35,1556,LOD,46.1694,1250,409.2169,1.2379,1910.2257,854.2397,156.4023,723.7576,11.4074,1835.3,7.4418,NaN,1658.1632,4.5603,NaN,NaN,NaN,NaN,NaN,NaN,NaN
2011-07-04 12:10,5.37,29.67,16.98,0.3612,4.12,6.62,9.3,2503,LOD,28.4604,1058,447.2077,2.074,2774.0677,781.3758,399.4075,1043.8361,18.5026,2359.1839,8.2444,NaN,1764.7752,3.0795,NaN,NaN,NaN,NaN,NaN,-13.212852,-96.02553
2011-07-18 13:17,5.73,37.59,12.31,0.2957,5.49,7.95,10.03,3228,LOD,18.4202,1009,275.1905,2.2545,2987.6166,1020.939,564.545,1195.1677,31.4057,2561.4357,11.2667,NaN,1248.0394,23.969,NaN,NaN,NaN,NaN,NaN,-13.301011,-96.768629
2011-08-02 12:00,NaN,NaN,NaN,NaN,NaN,NaN,NaN,NaN,NaN,NaN,NaN,NaN,NaN,NaN,NaN,NaN,NaN,NaN,NaN,NaN,NaN,NaN,NaN,NaN,NaN,NaN,NaN,NaN,NaN,NaN
2011-08-15 09:00,NaN,NaN,NaN,NaN,NaN,NaN,NaN,NaN,NaN,NaN,NaN,NaN,NaN,NaN,NaN,NaN,NaN,NaN,NaN,NaN,NaN,NaN,NaN,NaN,NaN,NaN,NaN,NaN,NaN,NaN
2011-08-31 14:12,5.29,28.7,21.22,0.4239,5.08,17.4,12.01,1817,LOD,40.6898,1921,502.6871,1.402,2250.8737,1519.7795,265.4479,868.586,24.1218,2205.6448,13.3944,NaN,1917.1491,11.3046,NaN,NaN,NaN,NaN,NaN,-12.806953,-92.428525
2011-09-13 12:50,4.59,32.8,33.7,0.6765,4.14,21.69,12,1856,LOD,23.7992,1448,683.3939,1.4997,2190.2345,1313.2852,250.6675,874.3345,12.4075,1893.9322,7.4122,NaN,2357.5012,3.6629,NaN,NaN,NaN,NaN,NaN,NaN,NaN
2011-09-28 12:43,4.59,27.42,28.94,0.4992,5.86,25.35,13.35,1376,LOD,18.7526,1270,560.4218,1.2887,1714.6125,1184.5788,209.0763,676.1111,10.7629,1693.399,7.452,NaN,2000.2174,6.1734,NaN,NaN,NaN,NaN,NaN,-12.097631,-86.972113
2011-10-10 11:30,4.71,24.95,22.56,0.4338,5.15,34.67,14.6,1380,LOD,18.0271,1445,466.9963,1.1167,1438.64,991.6118,148.1587,581.4369,9.0705,1524.794,5.7064,NaN,1876.0203,3.5895,NaN,NaN,NaN,NaN,NaN,-12.422071,-89.182189
2011-10-25 10:20,4.76,23.82,20.76,0.4224,4.5,33.69,9.75,1429,LOD,20.5522,1475,447.7948,2.0996,1592.1476,901.2852,144.3614,631.9934,8.9723,1581.7337,5.3623,NaN,1679.528,3.0518,NaN,NaN,NaN,NaN,NaN,-12.454238,-89.188808
2011-11-08 12:25,4.83,23.4,19.78,0.4308,3.57,29.94,10.86,1353,LOD,19.7466,1451,420.1181,1.53,1374.382,848.5602,191.0371,584.471,7.9982,1571.6238,5.4328,NaN,1591.9529,2.9067,NaN,NaN,NaN,NaN,NaN,-12.53347,-89.743486
2011-11-28 09:35,4.98,28.24,17,0.3416,4.67,11.22,9.76,1001,LOD,12.8536,947,337.9682,1.1491,1038.574,784.1969,153.5024,385.7671,5.4507,1017.9264,4.3287,NaN,1360.0811,2.5134,NaN,NaN,NaN,NaN,NaN,-12.481,-89.2112
2011-12-20 10:00,4.89,29.14,17.81,0.3379,5.5,34.34,13.91,1429,LOD,17.0133,1285,396.243,1.3314,1431.2935,817.5552,246.4162,590.4974,7.8976,1529.994,3.9935,NaN,1577.6449,2.8097,NaN,NaN,NaN,NaN,NaN,-12.518689,-90.195938
2012-01-19 10:45,5.22,26.81,13.69,0.2487,0.92,6.24,6.77,1552.1721,LOD,18.9514,1146.1629,360.5508,1.2364,1359.7778,741.5698,315.0916,583.3558,8.3531,1593.7493,4.92,NaN,1450.8599,4.6832,NaN,NaN,NaN,NaN,NaN,-12.6809,-90.3885
2012-02-14 09:53,5.37,29.83,12.8,0.288,4.87,7.94,8.16,1776.7719,LOD,25.3236,1203.9188,297.3392,1.1895,1616.7184,632.0815,328.9801,651.5362,10.0061,1718.3068,4.174,NaN,1440.0184,12.4582,NaN,NaN,NaN,NaN,NaN,-12.7696,-90.9528
2012-03-13 10:30,5.36,29.34,13.1,0.2281,4.68,5.65,8.96,1748.3412,LOD,27.7322,1177.5445,313.9656,1.4489,1547.3124,686.3209,425.9714,604.3724,28.2779,1702.1343,4.7072,NaN,1468.7211,7.1437,NaN,NaN,NaN,NaN,NaN,-12.7396,-90.9761
2012-03-27 09:45,5.05,17.11,14.83,0.2654,NaN,NaN,NaN,1333.8387,LOD,18.2814,1125.3017,352.8899,1.067,1147.206,774.7351,477.4052,488.9312,7.2927,1702.6788,9.6787,NaN,1641.3678,11.7318,NaN,NaN,NaN,NaN,NaN,-12.9832,-92.4989
2012-04-02 11:20,5.04,20.68,18.08,0.3505,NaN,NaN,NaN,1518.2395,LOD,13.8991,1018.8299,401.1647,1.1508,1517.1086,905.2851,368.6949,652.2553,8.9235,1561.8531,5.5795,NaN,1658.3122,7.1085,NaN,NaN,NaN,NaN,NaN,-12.7451,-91.1899
2012-04-10 09:20,5.13,28.19,14.9,0.2683,6.86,11.49,9.81,1606.4003,LOD,15.9557,978.3907,377.7039,1.0943,1422.523,791.4893,403.056,602.2144,7.4453,1573.142,5.292,NaN,1752.6248,7.7534,NaN,NaN,NaN,NaN,NaN,-12.7384,-90.8275
2012-04-17 09:25,5.14,27.67,15.49,0.3171,3.18,5.07,11.23,1546.3269,LOD,14.0451,1025.5879,362.1662,1.0121,1352.75,739.4855,427.2615,615.9781,7.083,1585.671,4.4898,NaN,2021.865,4.7186,NaN,NaN,NaN,NaN,NaN,-12.5544,-90.1699
2012-04-26 14:05,4.91,28.11,20.18,0.3419,3.83,7.1,11.12,1370.8824,LOD,10.5501,1044.635,415.1046,0.8753,1454.2567,863.9263,362.5738,636.3344,7.7949,1406.4185,4.3243,NaN,1631.1199,3.6898,NaN,NaN,NaN,NaN,NaN,-12.9457,-92.6694
2012-04-30 12:45,4.7,28.52,24.04,0.4617,1.61,7.5,10.45,1216.6201,LOD,9.5368,923.5722,460.207,0.9269,1491.032,858.1775,310.1281,601.0209,8.5231,1203.4339,5.3443,NaN,1637.9926,4.2655,NaN,NaN,NaN,NaN,NaN,-13.389,-95.6565
2012-05-03 10:25,4.65,28.1,22.63,0.4358,1.56,7.72,18.85,1081.7468,LOD,9.373,848.957,454.3751,0.9688,1416.4068,773.5267,275.7682,540.3936,9.769,1164.1636,7.912,NaN,1625.8789,4.6483,NaN,NaN,NaN,NaN,NaN,-13.241,-96.1703
2012-05-07 16:30,4.63,28.24,19.27,0.3408,2.09,5.99,10.66,1232.9782,LOD,7.1738,902.4067,403.3912,0.9805,1277.6811,651.3134,257.9186,494.8522,9.1461,1166.4126,4.2727,NaN,1302.013,4.3195,NaN,NaN,NaN,NaN,NaN,-13.0936,-94.3448
2012-05-10 16:45,4.6,27.39,19.76,0.3654,2.05,7.1,11.91,1079.0583,LOD,8.1622,784.2263,384.3846,0.9604,1176.3313,628.709,242.938,443.3466,9.0476,1019.4085,4.7147,NaN,1275.3818,3.8503,NaN,NaN,NaN,NaN,NaN,-13.2459,-96.0375
2012-05-14 12:50,4.54,28.47,17.27,0.3378,1.18,8.14,12.73,1245.4398,LOD,7.886,730.1627,352.4472,0.9474,1084.7695,561.633,283.8473,414.9845,10.5481,971.6423,5.5034,NaN,938.7331,8.1881,NaN,NaN,NaN,NaN,NaN,-13.4121,-96.9357
2012-05-18 11:25,4.51,25.36,NaN,NaN,2.82,7.4,7.34,933.0886,LOD,5.6763,659.4702,311.4714,1.1177,851.6161,423.5174,228.0354,314.6866,8.0262,907.9264,6.0642,NaN,568.4673,3.6625,NaN,NaN,NaN,NaN,NaN,-13.4487,-97.3144
2012-05-22 08:50,4.56,25.4,15.64,0.2999,2.29,4.98,8.13,1027.5049,LOD,6.0691,678.5755,329.1842,1.0363,907.5411,526.942,211.6278,332.6938,7.7491,956.0917,5.6914,NaN,1044.1971,3.1387,NaN,NaN,NaN,NaN,NaN,-13.3916,-96.4244
2012-06-05 12:20,4.62,26.24,17.76,0.3344,2.66,6.76,9.6,1133.4668,LOD,10.6854,874.7332,371.8874,1.1505,1050.7256,674.7858,126.7425,404.0233,6.544,1227.488,5.2798,NaN,1363.6762,3.1425,NaN,NaN,NaN,NaN,NaN,-13.0382,-93.7003
2012-06-19 15:10,4.77,25.59,16.37,0.3037,3.73,5.24,10.09,1220.8058,LOD,13.2288,883.3146,374.7799,1.1066,1108.5214,707.7547,113.512,427.6102,6.0783,1318.6136,6.6321,NaN,1200.6694,3.2234,NaN,NaN,NaN,NaN,NaN,-12.899,-92.3067
2012-07-03 13:32,4.71,26.8,23.03,0.3993,2.24,7.28,10.58,968.0589,LOD,16.7622,971.9862,467.7278,1.1983,1198.7805,921.1278,117.4567,473.9012,6.2724,1402.716,8.0656,NaN,1897.6707,3.8904,NaN,NaN,NaN,NaN,NaN,-12.4617,-89.9007
2012-07-17 15:35,4.8,28.17,27.98,0.465,3.35,7.48,8.72,909.8691,LOD,23.5375,996.1815,577.2627,1.1146,1417.4395,1278.1791,168.5035,541.3649,7.6213,1522.7304,12.2194,NaN,2392.4096,5.2389,NaN,NaN,NaN,NaN,NaN,-12.5824,-90.5312
2012-07-31 15:00,5.31,31.82,27.81,0.5566,6.13,10.03,9.7,1135.8628,LOD,48.3978,1308.4163,697.0688,1.3265,2216.7142,1735.7993,298.2093,803.4451,12.9367,1883.7169,15.7338,NaN,2364.4225,4.404,NaN,NaN,NaN,NaN,NaN,-12.8408,-92.2074
2012-08-14 14:20,5.32,23.07,21.08,0.4028,6.89,11.23,8.71,405.6345,LOD,32.0486,389.489,509.6779,1.5788,1877.9143,1532.1659,388.6207,743.3204,21.0263,1868.8401,17.0996,NaN,1848.0596,NaN,NaN,NaN,NaN,NaN,NaN,-13.0673,-93.8242
2012-08-28 13:00,4.42,37.22,42.43,0.7092,3.7,10.17,12.07,941.456,LOD,19.5006,935.0787,720.1024,1.5309,1818.8526,1747.3624,211.325,691.542,12.7141,1418.5156,13.2389,NaN,2942.6601,5.7457,NaN,NaN,NaN,NaN,NaN,-12.425721,-90.41394
2012-09-11 14:50,4.89,28.06,24.33,0.4179,4.72,7.77,10.99,1034.0856,LOD,31.2877,1163.3461,651.2743,1.4927,1848.1599,1765.1702,232.4575,687.7125,10.9507,1969.708,14.2309,NaN,2562.897,5.0151,NaN,NaN,NaN,NaN,NaN,-12.613772,-91.758396
2012-09-25 14:30,5.04,27.08,22.66,0.39,3.13,5.84,6.7,1076.3276,LOD,22.2461,1245.1795,553.9557,1.1204,1569.0991,1509.6845,222.5911,613.6593,9.4336,1686.8789,10.8051,NaN,2263.6229,4.4165,NaN,NaN,NaN,NaN,NaN,-12.712254,-91.713379
2012-10-10 12:25,4.57,31.36,26.83,0.4716,4.02,3.42,8.45,1013.5432,LOD,12.2253,1153.1067,537.9061,1.1498,1399.906,1313.1569,284.4998,558.2401,9.8195,1316.4511,8.3615,NaN,1868.5933,4.437,NaN,NaN,NaN,NaN,NaN,-12.565414,-92.270551
2012-10-24 15:25,4.69,26.94,19.61,0.3552,4.78,2.24,7.63,1129.6427,LOD,11.3144,1059.6489,412.9491,0.9628,1114.614,947.8511,237.7336,469.3934,7.4481,1340.8739,6.7494,NaN,1619.6581,3.6233,NaN,NaN,NaN,NaN,NaN,-11.869945,-91.356632
2012-11-21 11:15,4.76,25.25,14.72,0.2751,4.45,2.27,6.82,1201.6649,LOD,11.1588,964.0841,337.8304,0.9117,984.4477,792.6091,232.3529,432.9553,6.3039,1331.909,5.3516,NaN,1529.175,3.084,NaN,NaN,NaN,NaN,NaN,-12.840824,-93.6378
2012-12-18 15:00,5,23.2,9.576,0.2014,4.32,7.47,4.13,1324.6222,LOD,10.7902,967.8326,301.6499,1.0907,1080.9402,763.0797,288.7021,459.8655,7.4434,1460.2014,5.5095,NaN,1470.591,3.4365,NaN,NaN,NaN,NaN,NaN,-11.186691,-90.066581
2013-01-22 12:30,5.32,12.1,12.08,0.2335,3.91,4.45,5.5,1485.4951,LOD,14.1697,1041.7893,290.7528,1.0005,1327.5352,747.0374,371.5043,537.6368,7.9273,1609.4339,5.9194,NaN,1021.3394,5.18,NaN,NaN,NaN,NaN,NaN,-12.444032,-93.248176
2013-02-20 15:00,5.45,26,12.0333,0.2335,3.67,3.58,5.58,1524.9995,LOD,17.8364,1052.1562,296.1723,1.0612,1396.3736,802.1099,440.2242,556.8629,7.2891,1575.4734,5.9479,NaN,1289.8833,3.447,NaN,NaN,NaN,NaN,NaN,-11.808283,-91.753655
2013-03-26 15:15,5.6,30.12,12,0.2282,6.01,5.14,8.21,1788.1379,120,15.0106,1045.2129,292.42,1.1019,1775.6509,739.8371,513.1294,661.4449,8.1582,1734.1223,5.8495,NaN,1100.2543,2.5474,NaN,NaN,NaN,NaN,NaN,-12.975496,-94.79411
2013-04-17 12:55,5.16,23.61,14.18,0.2539,5.52,4.07,4.25,1236.6817,LOD,16.2569,991.9539,318.9468,1.0437,1071.2044,871.1934,585.0909,444.6102,6.2468,1566.8412,7.9969,NaN,1292.2587,3.9172,NaN,NaN,NaN,NaN,NaN,-13.444739,-97.75214
2013-04-24 18:00,4.93,25.89,19.83,0.3617,3.28,6.78,4.56,1210.0691,LOD,11.6276,807.0478,391.02,0.9778,1233.54,871.9511,399.8902,542.2366,8.4108,1266.5569,6.8618,NaN,1388.3864,3.1444,NaN,NaN,NaN,NaN,NaN,NaN,NaN
2013-04-29 15:55,4.9,24.71,16.9,0.2937,3.49,6.98,7.63,1152.9655,LOD,7.8471,804.1594,386.3267,0.9323,1244.1469,892.9226,318.9697,528.5084,7.8477,1170.0038,5.9303,NaN,1475.7324,3.116,NaN,NaN,NaN,NaN,NaN,NaN,NaN
2013-05-06 14:00,4.77,23.58,17.29,0.3211,2.68,8.39,5.52,1016.8183,LOD,6.8745,671.8489,365.3117,0.9447,1081.6094,694.5963,257.1213,437.9662,7.9738,1032.604,15.1615,NaN,1289.2467,3.0507,NaN,NaN,NaN,NaN,NaN,NaN,NaN
2013-05-10 10:25,4.64,23.21,18.37,0.3441,2.45,8.98,5.66,829.7899,LOD,7.4029,593.1198,374.7017,1.1347,999.3373,709.2677,287.4364,404.051,9.1695,943.7656,8.517,NaN,1165.2489,5.5549,NaN,NaN,NaN,NaN,NaN,-13.933611,-101.613161
2013-05-16 11:40,4.68,24.18,21.32,0.5121,2.75,7.41,5.59,1094.028,LOD,5.4657,658.8506,322.487,1.0097,949.6472,590.5118,229.6785,368.7513,7.0264,975.5479,6.5823,NaN,1038.6467,2.8263,NaN,NaN,NaN,NaN,NaN,-13.480546,-98.782057
2013-05-29 10:25,4.87,24.36,13.96,0.2748,3.68,6.9,7.35,1399.7576,LOD,10.6667,747.2886,333.9723,1.4277,1153.6816,741.6902,110.5263,459.391,6.9922,1332.2156,6.7763,NaN,1174.7379,3.3917,NaN,NaN,NaN,NaN,NaN,-13.277933,-96.455736
2013-06-12 11:20,4.82,23.7,18.98,0.3416,4.86,7.87,4.69,893.2124,LOD,17.9258,952.2997,424.6198,1.0596,1063.6524,1107.0049,104.6009,398.9306,9.1745,1323.3379,11.5273,NaN,1369.4339,2.922,NaN,NaN,NaN,NaN,NaN,NaN,NaN
2013-06-25 16:15,5.09,25.83,20.89,0.396,4.68,7.95,7.21,1094.4502,LOD,23.1369,1125.23,507.7381,1.1741,1557.2189,1323.8668,182.5459,617.2427,11.1386,1652.4851,11.0409,NaN,1693.0409,3.84,NaN,NaN,NaN,NaN,NaN,-12.695726,-93.384233
2013-07-04 12:46,4.57,30.4,31.71,0.5382,3.31,9.8,7.69,880.3776,LOD,13.6198,746.4994,600.4078,1.3672,1499.7653,1534.8119,138.7235,586.3896,10.9517,1306.3121,11.6528,NaN,1898.2942,3.67,NaN,NaN,NaN,NaN,NaN,-12.780652,-93.561506
2013-07-23 14:30,5.39,33.77,13.94,0.2662,6.21,5.52,7.92,1876.2776,110,19.6656,905.1454,405.942,1.8672,1955.0856,931.4956,387.3935,750.4475,19.7892,2027.8103,9.4503,NaN,1594.8768,3.2165,NaN,NaN,NaN,NaN,NaN,-13.27076,-96.262072
2013-08-06 12:45,5.28,31.35,21.6,0.4101,8.54,6.29,7.58,1373.7837,120,28.0308,1162.3694,569.4176,2.2311,2101.4421,1951.0339,424.5841,795.8034,33.013,2288.7185,21.8984,NaN,2387.326,NaN,NaN,NaN,NaN,NaN,NaN,-12.426916,-92.029114
2013-08-21 11:40,5.26,28.79,25.04,0.4706,5.64,8,7.91,850.3728,LOD,27.5899,1553.9816,577.0307,1.503,1819.3604,1579.959,298.4138,667.0251,21.3791,1855.7476,13.1621,NaN,1934.801,2.3096,NaN,NaN,NaN,NaN,NaN,-12.365609,-90.888887
2013-09-09 16:56,5.13,30.98,22.31,0.3888,5.12,6.69,6.95,1329.9665,LOD,20.1754,1529.2523,507.7668,1.4539,1876.9028,1481.058,212.8973,713.3603,19.7253,1873.1068,13.9043,NaN,1948.0037,9.0615,NaN,NaN,NaN,NaN,NaN,-12.649621,-90.60552
2013-09-20 15:30,4.67,31.46,29.07,0.5094,4.94,9.78,8.81,794.9575,LOD,19.2692,1898.8638,541.3626,1.2106,1377.1775,1549.0487,293.1851,611.0934,10.4747,1744.8242,12.3358,NaN,2041.9541,3.4354,NaN,NaN,NaN,NaN,NaN,-12.500725,-89.091934
2013-10-02 13:55,4.95,31.04,23.31,0.4113,3.43,8.61,5.57,1449.6151,LOD,17.2869,1622.5915,482.8346,1.1747,1716.1018,1311.4983,218.4801,682.1128,11.1333,1714.5816,8.3409,NaN,1812.7916,5.1389,NaN,NaN,NaN,NaN,NaN,-12.8118,-91.066953
2013-10-16 13:00,5.21,29.58,19.55,0.3347,4.44,7.26,7.57,1434.767,LOD,16.5703,1699.7979,448.4058,1.162,1722.2004,1292.3525,232.4635,685.1612,11.4704,1778.1541,9.3638,NaN,1787.5394,2.7448,NaN,NaN,NaN,NaN,NaN,-12.7089,-91.041901
2013-10-29 13:30,4.67,46.88,27.71,0.5144,3.12,8.73,6.47,1361.7013,LOD,12.4573,1533.1666,511.3759,1.1002,1714.7615,1262.9625,214.3499,708.5336,10.6113,1492.0941,8.2159,NaN,1723.9402,3.5605,NaN,NaN,NaN,NaN,NaN,-12.66812,-90.411641
2013-11-20 15:25,4.97,26.55,17.51,0.505,4.58,6.32,5.4,1351.4574,LOD,9.3845,1145.8038,388.8037,1.027,1293.6766,977.4179,226.0411,565.3444,8.1644,1460.972,5.6602,NaN,1470.6445,2.4583,NaN,NaN,NaN,NaN,NaN,-12.969911,-92.320657
2013-12-17 13:42,5.02,25.17,15.06,0.2977,3.14,4.86,5.32,1344.5467,LOD,9.5786,1121.9371,316.6827,1.0297,1120.8408,870.2672,233.5668,504.5608,7.9813,1408.1978,5.5972,NaN,1457.409,2.2677,NaN,NaN,NaN,NaN,NaN,-13.033988,-93.061706
2014-01-27 15:35,5.56,41.66,11.38,0.2313,13.28,4.14,8.8,2360,LOD,7.4544,1560,314.8947,1.3992,2882.8472,535.2087,403.5117,1086.6307,18.6171,1918.0153,14.0868,NaN,1623.6583,3.6883,NaN,NaN,NaN,NaN,NaN,-12.523186,-92.543592
2014-02-25 12:24,4.87,31.65,20.5933,0.384,10.45,6.47,12.12,1540,LOD,15.8252,1660,523.9999,1.2599,1814.9296,1056.7044,388.6793,702.8432,16.2309,1648.5694,13.9634,NaN,1750.2345,4.2023,NaN,NaN,NaN,NaN,NaN,-13.226847,-93.71449
2014-03-25 14:25,NaN,NaN,15.89,0.3007,3.4,5.91,5.41,1480,LOD,13.3052,950,381.3972,0.9724,1406.7798,963.8494,363.5032,576.3521,12.1091,1461.3641,6.0814,NaN,1551.127,2.6694,NaN,NaN,NaN,NaN,NaN,-12.93846,-92.816313
2014-04-14 13:00,5.05,23.65,13.98,0.2355,4.46,6.36,6.86,1250,LOD,9.2166,870,326.3607,1.0153,1111.2663,913.5488,394.1181,479.3628,9.8062,1497.3368,7.2192,NaN,1418.3706,2.2309,NaN,NaN,NaN,NaN,NaN,-13.49925,-94.75782
2014-04-22 16:05,4.8,24.71,20.86,0.3409,2.7,7.53,5.56,940,LOD,6.3274,760,412.9304,0.9815,1274.3828,1022.716,293.4126,547.8213,11.5228,1200.9189,8.5751,NaN,1509.3152,3.5228,NaN,NaN,NaN,NaN,NaN,-13.004212,-93.380073
2014-04-29 12:41,4.79,22.96,NaN,NaN,1.95,7.98,5.49,990,LOD,6.3939,660,356.6069,0.9218,1083.7368,837.4463,239.7207,455.6296,8.9709,1076.7471,5.9791,NaN,1116.4378,2.5396,NaN,NaN,NaN,NaN,NaN,-12.418696,-91.630314
2014-05-05 17:10,4.93,22.78,13.6367,0.2448,2.93,5.81,5.54,1220,LOD,6.1226,670,336.1326,0.949,1083.836,814.9612,240.2878,475.4388,8.2878,1248.6895,4.7978,NaN,1359.2136,2.7041,NaN,NaN,NaN,NaN,NaN,-9.783018,-85.786652
2014-05-13 11:10,4.85,23.96,17,0.2972,1.96,7.32,6.12,1110,LOD,8.7588,830,352.0875,0.9453,1135.2018,854.4227,237.4965,480.5477,7.985,1204.0589,5.3101,NaN,1451.4683,2.9246,0.77766601,0.17446766,0.07809851,0.05302486,0.04571068,-12.202436,-90.860336
2014-05-27 14:25,4.72,27.88,NaN,NaN,2.56,9.86,6.88,950,LOD,11.5755,950,522.0446,1.3193,1571.1438,1158.7669,229.1357,653.5305,9.8699,1360.1499,8.0829,NaN,1840.032,4.7164,1.18113191,0.26649872,0.10118668,0.07748011,0.07658938,-12.088365,-87.299522
2014-06-10 13:20,4.83,26.66,22.5867,0.3843,2.84,8.05,5.68,990,LOD,12.2112,990,480.9073,1.1707,1338.5042,1169.9093,117.0179,538.1136,7.6171,1402.7294,7.3932,NaN,1909.7275,2.955,1.02049229,0.23751108,0.09350183,0.06940284,0.0657818,-12.437108,-89.289204
2014-06-24 11:42,5.11,25.82,18.1567,0.2925,2.58,6.49,5.37,1170,LOD,11.8984,1040,388.7356,1.1177,1422.4263,989.8823,125.5759,601.5884,7.4361,1596.1667,6.0902,NaN,1533.1088,2.4153,0.87099409,0.20760476,0.07667512,0.06449205,0.0539354,-12.308201,-89.993843
2014-07-08 10:45,5.86,83.93,24.0633,3.278,LOD,32.64,LOD,2000,LOD,23.4757,1370,462.1978,4.4523,2154.3973,1734.1489,NaN,835.1162,39.9392,NaN,NaN,NaN,1801.9777,29,1.11232641,0.25649215,0.08956088,0.07619514,0.06493834,NaN,NaN
2014-07-22 16:00,4.92,31.29,26.9567,0.4213,7.35,8.53,6.14,1340,LOD,17.7967,1070,582.2339,2.0469,1953.481,1426.4542,180.6053,729.028,16.054,1636.6605,17.4392,NaN,NaN,4.02,1.1306426,0.25610506,0.09370908,0.07420193,0.06937321,-12.317359,-88.42623
2014-08-05 14:05,5.33,40.56,23.2867,0.4616,127.63,7.57,6.16,1359.73,LOD,30.5271,1259.8,612.2145,2.6671,2815.6789,NaN,757.1687,1058.5049,59.8091,2475.2576,NaN,NaN,NaN,28.3033,1.16995236,0.27714929,0.10497784,0.07141411,0.0830064,-11.817933,-88.924821
2014-08-19 12:00,4.46,37.08,37.8733,0.6209,3.13,10.53,7.9,935.516,LOD,11.2325,898.706,612.7279,2.3034,1831.3646,1382.3766,241.5616,746.7248,13.9717,1574.3382,20.2494,NaN,2886.5396,4.245,1.50797154,0.32177778,0.10583415,0.08965574,0.08272599,-12.373211,-89.484853
2014-09-02 10:45,4.94,29.58,23.9867,0.4206,2.88,9.59,6.25,1006.23,LOD,17.7514,967.484,536.5464,1.5308,1766.6807,1311.4838,178.963,674.1818,10.8138,1668.9845,9.9395,NaN,NaN,2.6369,1.12576847,0.25785504,0.0974695,0.07445987,0.08516616,-12.813015,-90.963659
2014-09-16 12:55,5.45,35.93,22.7867,0.4325,225.64,6.66,5.66,1556.41,LOD,15.3919,1047.23,484.9663,2.0203,2343.1441,NaN,532.3125,887.169,32.4934,2151.9966,NaN,NaN,1459.1987,20.2391,1.15468055,0.26831648,0.10079073,0.07256478,0.07524433,-12.951303,-91.735945
2014-09-29 14:27,5.44,31.11,20.6667,0.3989,202.41,8.16,51.63,826.164,LOD,12.1132,1538.84,418.8948,1.3871,1663.4746,1104.8848,514.8535,585.8976,14.9878,1884.3196,NaN,NaN,1443.1943,9.9771,0.95231814,0.22036399,0.08906812,0.06473639,0.06564109,-12.121526,-89.018964
2014-10-14 15:57,4.85,30.96,22.7,0.3717,4.74,7.08,7.3,1256.96,LOD,10.5383,1472.95,392.4314,1.2798,1471.2938,986.4678,213.1546,598.4974,9.8831,1536.4693,7.0833,NaN,1369.8348,2.6043,0.96673794,0.22187895,0.09864735,0.06105567,0.06483462,-12.967251,-92.020287
2014-10-28 13:49,4.66,32.53,25.6467,0.4244,7.89,7.4,10.11,609.562,LOD,9.3391,695.742,435.2201,1.3253,1572.6561,1038.9815,229.9924,620.8468,9.5387,1367.3085,10.0998,NaN,1668.5768,3.1526,1.03638426,0.23033627,0.08110305,0.05287773,0.06669102,-12.65711,-91.300191
2014-11-18 09:36,4.94,26.62,14.6033,0.2525,3.68,5.06,6.96,1255.96,LOD,8.751,995.366,304.5424,1.3748,1154.4513,755.2884,186.8287,486.1025,6.9622,1355.5718,5.0033,NaN,1161.3992,2.1876,0.64417488,0.14166871,0.05536036,0.04865956,0.04884068,-11.809999,-89.348617
2014-12-16 14:36,4.82,27.35,16.81,0.3254,5.33,5.75,8.43,1142.44,LOD,7.7934,1028.84,334.5017,1.1073,1121.9344,773.9281,210.0019,473.1462,7.2528,1301.9489,6.2143,NaN,1343.175,2.374,0.74793411,0.15293884,0.05571662,0.05464586,0.02344772,-10.697569,-85.395412
2015-01-20 14:55,5.35,26.44,11.7867,0.2097,4.05,4.23,4.03,1430.19,LOD,7.8713,938.739,259.2874,1.0529,1307.1006,626.9542,274.4551,525.0832,8.226,1379.4176,5.6185,NaN,1466.6756,2.3069,0.53152547,0.12202851,0.05978398,0.03629395,0.04462808,-12.636142,-91.311011
2015-02-17 14:56,5.29,25.17,11.8367,0.2072,3.08,4.55,4.7,1278.14,LOD,7.7163,907.539,252.8195,1.1255,1156.7556,673.7719,308.9089,482.717,7.2122,1391.3247,4.6971,NaN,1240.3342,3.552,0.52834382,0.12152739,0.05028204,0.02046394,0.02958736,-13.070222,-92.929915
2015-03-17 13:20,5.41,26.88,11.5233,0.1277,1.08,6.52,3.67,1387.31,LOD,6.8509,938.571,309.2942,1.2984,1335.5897,691.6871,400.4284,533.3483,7.4204,1496.9677,5.1765,NaN,1630.6563,2.296,0.53062222,0.13047661,0.04882726,0.02429528,0.03839335,-13.006246,-93.158088
2015-03-31 13:31,5.31,25.86,11.6667,0.1615,3.3,6.33,3.74,1228.58,LOD,7.2424,921.712,287.6906,1.1492,1108.9872,714.7302,416.5211,452.5389,6.2457,1465.0306,5.3466,NaN,1290.6561,2.5226,0.54347238,0.12460318,0.05507977,0.02919074,0.03484965,-13.344443,-94.972003
2015-04-09 11:53,5.15,24.19,13.8967,0.2333,2.87,6.41,4.15,1059.77,260,7.011,962.782,266.5428,1.0268,935.7349,712.7559,397.116,436.3451,5.6836,1356.1302,5.6394,NaN,1398.0936,1.9102,0.62374803,0.14356509,0.06161715,0.03969835,0.04292153,-13.556653,-95.602035
2015-04-14 11:10,4.77,30.62,27.6467,0.3366,2.65,11.12,5.54,1003.09,320,6.298,1009.93,407.7441,1.2123,1493.2327,926.7064,339.3832,627.2654,9.5245,1200.1404,7.5169,NaN,1624.5425,3.2742,1.10739311,0.23903918,0.07991112,0.06313526,0.07049233,-13.81766,-97.4417
2015-04-17 14:16,4.88,27.25,21.1433,0.3092,3.08,9.52,5.75,1092.04,330,6.5179,1023.72,352.1968,1.0182,1293.2365,783.5441,270.282,532.7147,7.6029,1180.8695,4.8304,NaN,1452.3471,2.5351,0.82939729,0.1917753,0.06637076,0.06284361,0.052883,-13.871062,-97.363793
2015-04-21 10:13,4.67,28.83,25.42,0.3975,2.36,10.96,5.65,928.937,LOD,6.592,874.334,403.5397,1.1147,1329.9541,782.3307,244.4937,537.3514,8.8432,1108.5046,6.0418,NaN,1457.0357,3.1093,1.01797427,0.2156624,0.08326416,0.06224438,0.07155467,-13.910583,-98.365949
2015-04-24 13:16,4.63,26.65,21.2733,0.3392,2.16,8.65,5.83,922.826,LOD,7.0989,838.672,391.3179,1.1064,1272.5802,770.2948,245.4867,504.8586,9.1907,1155.4468,6.2159,NaN,1195.0008,3.3391,0.87928479,0.18824611,0.06681013,0.04741594,0.03598218,-13.297248,-96.652084
2015-04-27 15:27,4.66,26.57,18.48,0.3007,2.61,6.19,6.34,1007.88,LOD,5.8813,806.62,326.4043,1.0737,1052.5625,633.0139,205.7868,438.1294,8.0269,1010.0325,5.0471,NaN,1022.4299,2.7877,0.78286105,0.17063533,0.0618794,0.05448475,0.0492189,-12.666948,-93.970153
2015-04-30 13:48,4.67,25.21,17.8267,0.2128,1.3,7.05,6.14,1012.77,LOD,6.5937,806.137,338.9277,1.1647,1091.0045,683.8994,209.114,436.5433,7.7213,1087.4002,4.5444,NaN,1134.7627,2.8084,0.77603579,0.16709224,0.06154149,0.05210085,0.05352554,-13.219986,-95.81535
2015-05-05 14:18,4.66,24.51,16.4467,0.1969,0.98,5.84,6.31,964.695,LOD,5.7836,705.403,308.937,0.871,952.5011,577.1211,180.8626,378.428,6.5231,1008.6652,5.0176,NaN,1077.1363,3.7208,0.74268089,0.15935026,0.05710248,0.02959648,0.04396811,-13.16806,-95.539428
2015-05-07 15:51,4.59,24.14,19.2767,0.3373,1.43,6.62,6.22,773.123,LOD,6.8804,627.634,311.456,0.9253,864.7631,557.5598,189.6529,336.745,7.1818,856.8811,5.7338,NaN,995.6408,2.4961,0.8261494,0.18303064,0.07192559,0.05673271,0.03932017,-13.101508,-95.615934
2015-05-12 12:41,4.67,24.19,14.07,0.2236,1.92,6.18,6.65,979.646,LOD,4.864,702.569,287.7562,0.9304,914.8533,525.4168,148.6066,366.2772,6.0359,1037.0107,4.2648,NaN,1042.3573,2.7614,0.6552125,0.15119207,0.05179093,0.04583551,0.04323702,-13.132134,-94.72975
2015-05-19 13:15,4.73,24.4,13.63,0.2216,1.28,4.62,5.88,1047.84,LOD,5.4924,846.875,258.7597,0.8652,871.2553,509.0616,129.2691,356.2639,5.1889,1043.9131,4.0171,NaN,931.8818,2.3295,0.63092689,0.15274163,0.06829349,0.06587676,0.06013353,-13.125241,-94.720848
2015-06-02 11:04,4.72,24.93,18.2033,0.289,1.32,5.93,5.6,900.423,LOD,6.709,758.551,338.5667,1.0444,1050.7557,713.3035,130.5729,420.5846,5.7625,1165.5682,5.4143,NaN,1223.1964,2.5586,0.83245786,0.1938367,0.07910594,0.05185621,0.0544859,-13.056422,-94.408843
2015-06-16 12:53,4.99,23.48,14.5633,0.2245,2.21,5.19,5.58,1067.46,LOD,7.7207,743.586,320.0502,0.9722,1092.8597,697.5947,110.6789,441.5266,5.5363,1263.354,5.5989,NaN,1327.7374,1.9057,0.69546285,0.15945567,0.07017078,0.04478967,0.04521754,-12.467725,-91.948052
2015-06-30 13:55,4.85,25,20.3867,0.339,2.62,6.41,6.53,821.67,LOD,11.1924,837.325,396.4656,0.9991,1094.344,939.777,89.8528,422.4427,5.9513,1301.5885,7.8362,NaN,1498.9254,2.8265,1.0018027,0.23227747,0.08845117,0.07824025,0.06088191,-12.903115,-93.447223
2015-07-14 12:11,4.88,26.29,NaN,NaN,3.46,6.62,6.95,754.878,LOD,14.2161,811.529,491.0514,1.1174,1335.6952,1325.7811,117.7302,528.1012,6.8604,1364.1539,9.0942,NaN,2072.1401,2.7081,1.25183581,0.30231488,0.11792264,0.09312912,0.09366527,-12.681673,-92.256805
2015-07-31 13:35,4.53,32.59,25.6467,0.4244,2.68,9.94,8.58,598.51,LOD,12.3039,700.583,629.3433,1.2608,1621.032,1517.4191,150.3373,586.1078,9.025,1245.0528,9.5101,NaN,2470.7323,3.6143,1.85586348,0.41658795,0.14476634,0.12754227,0.11771238,-11.090376,-85.620983
2015-08-11 12:18,5.02,26.04,27.5933,0.4796,4.82,8.23,8.42,700.516,LOD,21.0034,930.779,614.5369,1.135,1652.7398,1875.9294,195.5213,600.7852,9.2999,1493.058,13.8898,NaN,2253.9241,2.808,1.42080877,0.3459473,0.13740692,0.10495439,0.09739792,-12.641266,-91.493021
2015-08-25 12:36,5.71,40.26,15.94,0.3094,6.97,3.86,6.44,1837.16,LOD,18.0592,904.364,418.9445,2.2406,2579.457,1884.6686,600.4004,1000.2116,29.3186,2161.9239,29.8308,NaN,1766.0813,3.2726,-0.64572831,-0.15807621,-0.06784698,-0.05178432,-0.05024033,-12.699379,-92.802159
2015-09-07 12:37,5.43,34.54,29.7833,0.5367,32.24,3.88,4.84,331.115,LOD,28.5324,674.481,566.0582,1.5642,2285.5161,NaN,528.5878,828.4926,51.2893,1951.0586,NaN,NaN,1878.2654,NaN,1.55064653,0.38625741,0.15052541,0.11686605,0.13571978,-12.572386,-91.66731
2015-09-22 13:11,4.71,31.54,28.4933,0.4636,3.78,6.94,7.64,1047.39,LOD,12.5937,1230.52,509.8747,1.3669,1570.7003,1446.2999,199.9383,604.8383,10.3434,1508.4232,11.1024,NaN,1864.0808,3.6929,1.2716363,0.2770085,0.11257788,0.08692388,0.08417935,-12.108696,-87.907438
2015-10-06 11:51,5.09,28.34,20.59,0.3678,3.41,4.6,5.8,820.442,LOD,15.7969,989.663,500.3279,1.4552,1707.1986,1362.0287,231.6222,690.9038,12.4725,1828.3999,10.1289,NaN,2046.7703,2.7235,0.96946372,0.21956982,0.08168249,0.06771731,0.05939362,-12.399282,-90.001944
2015-10-20 11:18,NaN,NaN,18.8667,0.3233,5.78,5.11,8.03,1069.85,LOD,10.4062,1280.82,357.3198,0.8937,1452.0306,1021.8461,201.8696,553.5334,9.9981,1541.2302,8.2607,NaN,1662.7647,3.236,0.88589926,0.20319027,0.08824662,0.06774425,0.052208,-11.968923,-88.578812
2015-11-03 10:00,5.39,26.92,17.1733,0.3305,5.17,5.44,7.51,1100.29,LOD,13.4913,1499.83,421.4007,1.3054,1529.5945,1139.9448,205.1152,548.9352,9.2431,1489.8964,10.1589,NaN,2051.9225,3.6918,0.81918532,0.19145187,0.0785562,0.06221377,0.06014332,-12.205784,-89.951502
2015-11-24 12:00,5.16,28.77,17.1133,0.2865,2.25,5.27,4.74,1389.58,LOD,6.5526,1302.3,296.4333,0.6753,1130.7006,784.9767,132.1569,421.4745,6.0542,1019.5726,6.4508,NaN,1478.7886,3.0721,0.74872747,0.17403937,0.06392713,0.04524006,0.0308725,-12.480802,-91.034718
2015-12-15 15:54,5.37,29.76,14.6767,0.2833,2.26,4.02,5.6,1013.4,LOD,7.5808,949.432,280.3917,1.1074,1495.9481,757.6851,239.5415,621.5922,8.3544,1582.3387,6.9402,NaN,1498.4815,3.1215,0.75210317,0.17256875,0.06170972,0.04424278,0.0540842,-12.684921,-92.498911
2016-01-19 14:02,5.72,39.67,13.7667,0.2015,2.71,3.44,6.98,673.39,192.279,6.5356,NaN,216.8705,1.5434,2534.9065,460.7733,374.9687,955.6771,17.9477,1805.4441,3.6982,NaN,1463.9521,3.4703,0.42617168,0.08381832,0.02878149,0.03026003,0.02321075,-12.87328,-93.894191
2016-02-15 15:08,5.69,30.14,NaN,NaN,3.25,5.47,6.08,9233.35,373.484,10.8112,NaN,357.2745,1.2484,1819.5573,827.7508,358.9217,675.6263,12.994,1502.1232,5.6067,NaN,1386.762,2.8266,NaN,NaN,NaN,NaN,NaN,-12.07796,-91.335431
2016-03-30 13:18,5.23,28.76,16.4133,0.2968,2.43,5.18,6.41,8883.28,507.392,9.2946,NaN,357.5428,1.0535,1512.0845,866.346,390.6888,591.0592,9.4557,1553.9397,6.7785,NaN,1105.2529,3.5896,0.76462923,0.18554723,0.0756833,0.05724919,0.04543431,-12.77626,-93.324916
2016-04-07 13:14,4.67,31.54,27.7233,1.2657,3.4,6,9.28,8428.28,373.143,9.4984,NaN,424.5651,0.7185,1305.3218,1056.1311,486.0241,549.1474,13.2526,1355.8359,10.1725,NaN,1560.5494,3.3148,1.09057216,0.24122986,0.09592557,0.06047046,0.05912922,-13.173753,-95.285886
2016-04-12 12:46,4.81,29.16,24.1833,0.6194,1.26,5.14,7.19,5716.21,298.966,9.6497,NaN,402.5409,1.1272,1426.6372,1095.8701,381.3542,591.1111,12.3626,1377.8728,7.4016,NaN,1452.0639,3.2756,1.02624911,0.22212547,0.08542674,0.07475341,0.05772151,-12.413075,-92.645399
2016-04-18 13:34,4.93,26.62,19.7233,0.7398,2.42,4.63,7,8608,318.04,6.2098,NaN,305.3859,0.615,1038.5484,888.4106,237.3489,399.8916,7.9058,858.426,4.8541,NaN,1058.0413,2.8798,0.84409124,0.1839442,0.06841049,0.0560601,0.04402478,-12.754704,-93.64217
2016-04-20 14:14,4.91,26.58,19.3333,0.3549,1.52,1.61,4.49,8576.91,352.501,6.7189,NaN,344.4785,0.9477,1285.5384,941.3341,302.571,551.2118,9.7191,1268.5732,5.4518,NaN,1272.3734,2.8611,0.85985477,0.18638445,0.07610814,0.05752603,0.06312573,-12.975259,-94.310624
2016-04-28 11:32,4.78,27.61,23.4633,0.4024,1.66,2.27,5.06,8707.88,302.055,7.7948,NaN,426.3353,1.4492,1540.47,1167.0488,374.1358,635.1611,11.815,1381.3721,6.5922,NaN,1489.1169,3.847,1.00451919,0.22205393,0.06897294,0.07290302,0.05757926,-13.264731,-95.921635
2016-05-02 11:40,4.58,27,23.5667,0.5577,1.53,4.37,6.05,8552.42,381.217,5.6211,NaN,371.1785,0.9955,1116.7636,829.3676,283.1559,433.7146,10.2457,924.7881,6.779,NaN,1294.3959,3.8612,1.04357018,0.21903496,0.07717475,0.06815545,0.06301654,-13.255247,-96.718579
2016-05-04 12:33,4.58,25.54,21.22,0.4888,1.18,1.37,5.92,8690.93,372.249,5.1698,NaN,330.7505,1.1453,969.3976,710.7085,265.1897,364.7172,9.9563,844.4911,6.5514,NaN,1015.2382,3.276,0.81896768,0.20672921,0.07075413,0.06493634,0.05156136,-13.260222,-96.985338
2016-05-09 14:43,4.58,24.71,20.2167,1.219,1.73,2.54,6.59,345.018,LOD,5.3497,LOD,310.7982,1.1221,894.9509,706.8355,245.8424,346.6122,8.3451,854.6954,6.1305,NaN,902.5161,3.1156,0.83915937,0.18805415,0.08119391,0.06134847,0.05921348,-12.9514,-95.681668
2016-05-12 13:10,4.63,25.07,17.09,0.2985,1.62,2.31,7.08,925.6,LOD,6.8172,618.697,316.2948,1.3863,1000.4323,713.3053,222.2922,390.155,8.7088,1039.4601,6.0451,NaN,1073.2956,5.5541,0.77985293,0.18302545,0.08022145,0.0650352,0.05786356,-12.943549,-95.096527
2016-05-17 15:40,4.7,24.92,17.0667,1.1443,1.42,1.85,5.13,1071.85,LOD,6.1573,729.791,286.3361,0.8904,981.1408,659.0702,152.9905,403.7203,7.7271,1093.0673,4.9824,NaN,943.9273,3.0046,0.70491904,0.16263238,0.05734834,0.04113723,0.04772966,-12.566536,-93.328854
2016-05-31 15:09,4.84,25.61,16.2333,0.8836,2.59,1.6,6.46,1192.3,LOD,8.3059,793.035,321.8347,1.4422,1172.5874,730.153,112.9515,449.3717,7.0028,1252.2167,6.3491,NaN,1170.8375,2.7159,0.72799081,0.16731436,0.05936508,0.04553749,0.06452105,-12.690898,-92.765747
2016-06-14 13:14,5.15,26.02,15.11,0.2687,2.73,2.99,7.7,1159.87,LOD,8.4488,729.027,323.503,1.1284,1355.2058,668.6108,148.8436,519.6308,8.5468,1454.4969,5.4886,NaN,986.0081,2.7549,0.72733078,0.16864608,0.06342443,0.05845324,0.04881587,-12.923143,-93.582515
2016-06-29 13:59,4.77,27.58,25.1733,0.3401,2.95,5.46,9.03,814.285,LOD,11.0033,644.223,472.3927,1.3684,1356.3368,1108.1467,103.6645,545.9696,7.515,1407.7242,7.759,NaN,1746.2773,3.0029,1.16090357,0.26278431,0.09353036,0.08286769,0.07137285,-11.981959,-88.048296
2016-07-12 13:16,NaN,NaN,23.6567,0.3646,4.21,5.02,8.77,843.898,LOD,13.6488,777.21,467.0445,2.0937,1547.8461,1246.0041,178.9722,571.2284,8.664,1543.9005,8.9422,NaN,1802.0071,4.0307,1.18674392,0.28619214,0.11909055,0.08128614,0.09247185,-12.093571,-89.266695
2016-07-26 13:32,5.65,41.18,12.3767,0.2672,3.95,2.94,6.42,2205.44,LOD,11.248,733.054,236.9325,2.4976,2297.5282,555.4783,537.4241,920.5286,18.3721,2215.7948,5.9034,NaN,1251.4495,3.5815,0.51869475,0.12268898,0.05296652,0.03123644,0.03064666,-12.595424,-91.712403
2016-08-09 13:14,5.4,28.93,27.86,0.4559,6.68,6.03,10.13,555.299,LOD,21.89,997.833,588.5083,1.5334,1924.7735,1814.0545,320.5199,680.927,13.2249,1615.4622,17.1573,NaN,2401.3938,2.5745,1.41701555,0.34721339,0.13149151,0.1050944,0.10399343,-12.395875,-89.555551
2016-08-23 14:22,4.75,27.04,28.7867,0.4579,4.52,5.55,9.6,608.741,LOD,11.8043,855.413,493.4309,1.6627,1227.8758,1498.3312,179.3882,488.2246,6.7787,1334.4252,10.0574,NaN,1974.7781,2.4117,1.38668039,0.32840085,0.13624209,0.09889702,0.0986739,-12.509077,-89.902021
2016-09-20 14:20,5.68,36.91,19.5367,0.3724,4.62,4.77,6.79,1192.94,LOD,14.9441,1055.68,360.1594,1.7812,2210.7019,945.2877,430.4856,807.6154,15.0531,1744.9583,8.6998,NaN,1307.2379,2.3586,0.92198572,0.217385,0.07982286,0.07161053,0.06233323,-12.583863,-90.843293
2016-10-05 12:01,5.26,28.21,27.2633,0.3838,4.14,4.09,7.31,864.992,LOD,14.3146,1150.94,475.4412,1.3175,1592.6273,1346.6324,282.7804,632.5087,13.107,1647.0106,10.5485,NaN,1641.7425,4.3619,1.05497782,0.2466705,0.09490391,0.07792435,0.08035943,-12.340992,-89.231028
2016-10-18 12:32,5.56,28.91,17.67,0.2949,4.05,3.52,6.38,1140.64,LOD,10.905,2283.63,338.0338,1.6084,1692.6444,941.6044,271.0113,625.5606,11.3882,1636.2169,7.8499,NaN,1182.4023,1.84,0.82438211,0.1948434,0.07334767,0.06408848,0.06482878,-12.690341,-91.329456
2016-10-31 12:14,NaN,30.27,16.41,0.2734,2.88,3.57,5.97,1223.36,LOD,11.1447,1027.8,314.4282,1.6598,1748.6384,921.3265,303.8863,663.2976,10.7883,1615.2538,6.8217,NaN,1243.7466,2.4228,0.68812078,0.16591072,0.06401654,0.04988908,0.04730468,-12.714814,-91.572639
2016-11-15 14:17,5.76,27.21,13.6233,0.2327,4.68,6.45,5.64,1104.8,LOD,10.1325,1049.16,279.5063,1.4348,1571.7106,853.0701,268.6804,569.9558,9.2453,1549.9903,11.8251,NaN,1227.0514,2.3227,0.64270472,0.15139742,0.05928775,0.0493776,0.04940774,-12.083156,-90.109215
2016-12-06 12:00,5.34,28.9,15.1867,0.2483,LOD,LOD,1.81,1390,LOD,8.6347,1404.35,296.2761,1.5022,1500.1438,792.1301,223.7149,613.6524,8.9988,1518.0096,4.9612,NaN,1274.5943,2.5885,0.66876326,0.14582698,0.0504614,0.03053039,0.04426775,-12.630296,-91.359145
2017-02-07 12:00,5.67,30.41,14.8033,0.2055,2.21,LOD,2.68,1560.37,LOD,6.9004,873.987,260.979,1.444,1699.3701,694.832,380.0927,646.6623,9.3589,1604.6335,4.7581,NaN,1196.7953,1.9967,0.52368483,0.11807885,0.0379612,0.04610539,0.04272747,-12.937723,-92.829961
2017-03-10 12:00,5.87,35.84,10.7133,0.2005,1.16,LOD,1.88,1909.98,LOD,6.9157,1180.8,206.1942,1.7832,2111.3905,570.1198,467.1995,768.2258,9.5175,1646.8509,4.7769,NaN,1213.6547,2.213,0.45531474,0.10344728,0.03528517,0.02640884,0.00025504,-13.072599,-94.090884
2017-04-04 12:00,NaN,NaN,13.3833,0.2128,2.22,LOD,2.48,1340.93,LOD,9.619,820.971,313.7241,2.0138,1704.2633,961.8561,584.2213,642.5977,8.6616,1934.3804,7.6677,NaN,1671.6254,2.8752,0.52734634,0.1256089,0.04826156,0.03764053,0.03560025,-12.979615,-93.231848
2017-04-11 17:30,5.26,25.16,20.14,0.2621,LOD,LOD,1.59,1006.71,LOD,8.1082,1204.24,325.0744,1.3018,1099.4134,1115.0811,441.7504,467.3623,7.7998,1552.3613,9.1114,NaN,1442.6971,1.7414,0.67259141,0.1569915,0.06046293,0.04726831,0.04477827,-13.031873,-94.171168
2017-04-18 15:26,5.46,29.04,14.2767,0.2211,LOD,LOD,1.75,1470.62,LOD,6.9369,1227.48,308.4211,1.8234,1486.9651,860.1258,484.5963,627.3428,8.4029,1822.3701,6.1807,NaN,1605.0987,2.6708,0.54908741,0.12788725,0.04827363,0.0373809,0.03514699,-13.019907,-93.894751
2017-04-25 16:11,5.39,24.8,15.0967,0.1757,LOD,LOD,1.82,1165.1,LOD,6.5631,720.761,266.0792,1.4779,1134.4863,788.4297,427.4174,474.886,5.9686,1500.942,5.676,NaN,1241.5121,1.8312,NaN,NaN,NaN,NaN,NaN,-13.048569,-94.064891
2017-05-02 14:14,5.3,25.63,19.04,0.2588,LOD,LOD,2.06,1016.71,LOD,9.0779,612.544,380.4056,2.0742,1394.948,1014.1974,461.5407,623.5822,8.1184,1659.5436,6.9707,NaN,1607.0601,2.2596,NaN,NaN,NaN,NaN,NaN,-12.991144,-94.055293
2017-05-05 14:54,4.86,27.82,34.16,0.4985,LOD,LOD,3.83,791.715,LOD,8.8559,633.423,521.1871,1.4855,1737.7331,1434.3341,460.1328,726.3956,14.4375,1384.6406,12.6956,NaN,2212.5254,4.5779,1.06409424,0.23327422,0.08572777,0.06644956,0.06261368,-13.264947,-96.733178
2017-05-09 14:17,4.86,27.04,22.7533,0.3473,LOD,LOD,6.52,1008.06,LOD,6.6981,602.519,364.2891,1.796,1298.1088,852.2169,270.0301,535.3281,8.8454,1100.8947,5.4372,NaN,1297.3689,2.6069,0.85144123,0.18190158,0.06820714,0.05293842,0.0499318,-13.179958,-95.243566
2017-05-18 11:19,4.76,25.59,24.2433,0.3813,LOD,LOD,3.89,879.965,LOD,4.7646,540.705,479.6536,0.9171,1564.2258,1028.8016,326.7027,599.8128,10.1616,1382.3515,10.9314,NaN,NaN,6.9926,0.88911377,0.2015331,0.07560338,0.05878359,0.05558805,-13.039069,-95.310525
2017-05-23 13:08,4.63,26.74,23.21,0.3412,LOD,2.02,4.2,674.906,LOD,4.6045,447.25,413.156,1.2108,1369.036,853.0744,326.037,480.7948,12.3072,1259.7988,9.9971,NaN,NaN,9.4096,0.79375795,0.17707602,0.06656739,0.05196257,0.04894011,-12.612899,-91.309343
2017-06-13 13:42,4.97,25.61,16.3133,0.2566,LOD,10.55,63.7,1161.18,LOD,5.9797,1033.96,364.5677,1.3859,1466.7668,789.0958,163.8874,535.2586,8.5419,1559.9766,9.5307,NaN,NaN,6.1894,0.64935527,0.15221018,0.05815248,0.04533589,0.04290636,-12.779724,-91.664128
2017-06-27 13:49,4.75,NaN,26.43,0.3902,0.92,0.56,9.34,418.905,LOD,7.4042,367.1,505.9917,1.4166,1452.4316,1345.1258,131.8409,530.0432,8.946,1637.6842,13.7204,NaN,NaN,4.5261,1.03814759,0.24132948,0.09185215,0.07214327,0.06780815,-12.605072,-91.189008
2017-07-11 11:22,5.26,27.55,22.3433,0.3525,2.2,LOD,9.25,807.458,LOD,9.4984,662.307,523.9793,1.8211,2018.225,1229.6812,262.0722,717.1911,13.184,1864.4931,13.5299,NaN,NaN,5.1847,NaN,NaN,NaN,NaN,NaN,-12.79279,-92.34937
2017-07-25 11:49,5.52,32.34,21.39,0.3026,2.01,1.59,7.6,1310.52,LOD,11.2957,934.401,537.5563,2.0297,2599.2066,1036.5845,429.5089,929.6281,19.7216,2232.0875,16.8408,NaN,NaN,8.8234,0.83924692,0.19477467,0.07346952,0.05704062,0.0537417,-12.757515,-92.444061
2017-08-08 14:13,5.45,34.82,27.34,0.3507,1.81,LOD,7.16,567.826,LOD,12.532,431.31,557.9099,2.0305,2687.5153,1082.2286,520.5392,940.9921,27.457,2453.2299,16.202,NaN,NaN,9.9268,0.81018333,0.18553249,0.06944289,0.0538491,0.05083094,-12.987869,-93.942163
2017-08-22 14:25,NaN,NaN,24.5833,0.395,2.72,LOD,8.92,745.486,LOD,11.4285,1073.75,608.4249,1.4019,1800.7318,1599.8302,210.9395,626.5461,13.5558,1948.8822,18.4723,NaN,NaN,5.5742,1.09133307,0.26012593,0.10191546,0.08040136,0.07634414,-12.595426,-90.386684
2017-09-08 13:58,NaN,38.67,14.9167,0.2697,1.77,LOD,4.38,1921.09,LOD,11.5867,1056.96,414.3875,2.2929,2632.1664,964.3196,735.9195,1038.9103,41.7466,2494.4834,15.9556,NaN,NaN,5.2441,NaN,NaN,NaN,NaN,NaN,-13.007029,-93.98325
2017-09-21 14:49,NaN,28.96,25.5967,0.3865,1.23,1.28,10.37,921.392,LOD,7.9935,1115.12,529.1031,1.4184,1521.9415,1460.0562,239.0418,563.9767,10.7898,1548.7264,15.2338,NaN,NaN,6.1778,NaN,NaN,-1.57287691,-0.30832413,-0.42666118,-12.613149,-91.190332
2017-10-04 11:49,4.37,40.59,48.5967,0.8788,0.11,5,6.23,972.189,NaN,7.4692,LOD,884.1017,1.8487,2406.6069,2047.5729,556.1109,883.8901,17.4047,1620.2836,27.8734,NaN,NaN,7.1042,1.85838077,0.39117049,0.14903862,0.11630987,0.10980347,-12.588437,-90.148653
2017-10-17 14:36,4.65,28.74,24.65,0.3953,1.86,1.93,4.07,971.819,NaN,6.5614,LOD,523.113,1.4087,1481.0509,1340.4154,424.1702,527.2383,10.3053,1601.3931,20.3804,NaN,NaN,6.7912,NaN,NaN,NaN,NaN,NaN,-12.752212,-91.422563
2017-10-31 15:00,4.76,25.86,21.13,0.3268,0.45,1.42,2.76,957.995,NaN,6.7172,LOD,470.6522,1.2798,1444.0815,1238.2195,428.1685,537.8587,9.9327,1752.2028,18.9413,NaN,NaN,6.2794,0.895623,0.20478978,0.08028688,0.06312345,0.0597941,-12.845046,-92.20247
2017-11-14 10:07,4.82,25.53,19.08,0.3156,1.46,1.92,3.03,629.016,NaN,6.8366,LOD,483.9407,1.4448,1464.2565,1268.1279,474.2151,580.4213,9.9344,1818.4714,18.9633,NaN,NaN,5.2456,0.92807951,0.2138772,0.08369853,0.06568343,0.06212779,-12.776421,-92.255128
2017-12-05 12:29,4.94,23.45,14.45,0.2412,2.48,2.14,2.52,902.793,NaN,6.4548,LOD,385.0327,1.3457,1300.3474,983.4021,362.2938,559.0748,9.5245,1767.0723,14.8746,NaN,NaN,5.6918,NaN,NaN,NaN,NaN,NaN,-12.769027,-92.337767
2018-01-15 15:33,5.26,23.7,11.7233,0.1951,3.61,5.07,2.6,1216.48,LOD,4.6872,593.217,333.3579,1.4155,1336.0856,887.1688,469.1786,540.1979,9.4644,1888.9127,14.9211,NaN,NaN,6.912,0.53270282,0.12681202,0.05027036,0.03920533,0.03713474,-12.801811,-92.498909
2018-02-13 15:35,5.5,25.12,13.4,0.2022,3.75,4.93,4.62,1449.1,LOD,5.8858,873.217,333.2107,1.4748,1580.8256,879.042,516.8065,608.3435,9.9087,1870.2163,16.4231,NaN,NaN,5.2677,NaN,NaN,NaN,NaN,NaN,-12.916975,-93.095419
2018-03-15 11:27,5.57,28.07,12.7467,0.2105,3.69,3.75,3.11,1570.4,LOD,17.2328,987.728,335,2.277,1946,479.4,799,707.4,10.435,3233.0326,15.7,NaN,NaN,11.874,0.48037332,0.11195311,0.04429211,0.03456823,0.03198655,-13.000666,-93.429972
2018-04-03 15:33,5.56,28.25,13.5367,0.2108,3.98,5.32,3.34,1604.93,LOD,5.1349,873.996,320.1631,1.5325,1842.519,852.8189,686.4984,676.7888,10.0916,2014.6347,13.827,NaN,NaN,3.7102,0.46067775,0.1041394,0.03820865,0.02922857,0.02695245,-12.882376,-93.094419
2018-04-17 16:00,5.21,22.94,23.8033,0.4522,5.16,6.65,13.11,1088.9,LOD,7.0078,880.316,371.3009,1.3501,1227.7559,1073.3568,715.1096,508.7861,8.6678,1881.1072,16.8221,NaN,NaN,4.6344,0.62379617,0.15283203,0.06137086,0.04823383,0.045693,-13.150239,-94.84899
2018-04-24 14:28,4.69,26.63,25.8367,0.3113,3.03,9.79,8,549.883,LOD,5.2733,443.255,507.9331,1.3726,1611.1463,1141.3395,590.2438,621.9781,11.7118,1475.0396,15.5556,NaN,NaN,5.3279,0.94352605,0.20769261,0.07992485,0.06242162,0.0588395,-13.857404,-99.917115
2018-04-27 13:46,4.63,26.25,24.1067,0.2876,3.03,8.92,6.62,939.599,LOD,6.9036,701.458,480.4798,1.5956,1427.511,1063.0899,458.7451,582.4671,11.4542,1391.4028,15.2324,NaN,NaN,5.0181,0.87245955,0.19135316,0.07374886,0.05780984,0.05457467,-13.945848,-100.693309
2018-04-30 11:56,4.58,25.29,23.65,0.3667,3.62,11.89,8.47,864.395,LOD,4.1894,630.579,428.7396,1.342,1307.3697,870.0823,432.467,499.6108,10.199,1190.4576,13.6001,NaN,3274.75,4.4603,0.85360836,0.18614885,0.0718838,0.05629597,0.05294717,-14.107295,-101.768666
2018-05-04 10:41,4.54,24.43,22.3733,0.4677,2.69,8.72,5.83,817.122,LOD,9.8177,628.568,421.7,1.986,1502,488.9,901,470.4,10.483,2382.2323,42.4,NaN,3380.5452,14.0168,0.78996601,0.17406364,0.06654017,0.05190825,0.04874743,-14.220597,-102.393303
2018-05-07 13:37,4.48,23.59,17.9,0.3351,2.46,7.97,7.6,399.622,LOD,3.2517,316.975,350.1882,1.3753,961.4278,568.8686,413.483,367.3963,8.9764,948.4058,11.2995,NaN,2647.9228,6.9509,0.72644541,0.15779126,0.06225099,0.04902335,0.04622026,-14.101443,-101.804831
2018-05-09 11:15,4.49,23.45,17.49,0.3086,2.63,5.07,6.75,550.489,LOD,3.7923,431.936,342.8664,1.8002,965.9976,617.9576,398.2687,363.9971,8.7921,1002.779,9.675,NaN,2998.5199,7.9955,0.67002043,0.1479591,0.05735075,0.04494021,0.04236948,-13.979905,-100.799987
2018-05-15 13:21,4.57,24.36,16.71,0.2686,4.45,6.75,7.85,458.091,LOD,4.6083,329.364,352.8972,1.6482,1106.1039,745.1116,342.3588,420.0324,9.9687,1265.0241,12.2903,NaN,NaN,4.682,0.63299584,0.14149698,0.05499568,0.04291954,0.04011014,-13.485051,-96.658106
2018-05-29 13:04,4.78,23.9,14.6467,0.2475,3.95,6.36,6.14,1204.17,LOD,5.2403,892.781,381.211,1.4985,1253.7705,837.8077,150.141,496.294,9.6729,1632.0841,11.8907,NaN,NaN,4.5313,0.59151676,0.13653556,0.05328507,0.04163603,0.03905009,-13.150416,-94.755172
2018-06-12 12:44,5.24,26.07,16.2867,0.2777,4.48,4.67,6.47,1227.93,LOD,7.1097,918.657,439.423,1.7521,1817.5568,794.769,293.549,647.9665,17.6656,1959.135,12.9333,NaN,NaN,4.7827,0.67863777,0.15621258,0.06186988,0.04829732,0.04541166,-13.137608,-94.767294
2018-06-28 14:12,5.2,24.75,21.99,0.3673,4.44,7.37,6.94,447.954,LOD,10.7627,460.6,560.3631,1.6519,1936.2362,1197.9576,356.9498,644.5631,22.1122,1923.4965,33.2195,NaN,NaN,6.1754,0.92536197,0.21222369,0.08204227,0.06378337,0.06004101,-12.98687,-93.904128
2018-07-24 11:02,4.71,42.72,17.2567,0.3584,3.32,5.49,6.38,1815.23,LOD,5.8688,651.651,365.5511,3.429,2622.573,672.253,334.6428,1005.811,26.3647,2180.715,19.9458,NaN,NaN,12.457,0.56704356,0.11887264,0.04421644,0.034263,0.0321148,NaN,NaN
2018-08-07 15:54,4.83,32.06,21.7833,0.3643,3.56,7.65,6.2,1619.42,197.082,9.418,973.33,563.2293,2.7431,2107.7431,1113.857,176.697,750.2489,21.2148,2113.1874,18.0507,NaN,NaN,6.8687,NaN,NaN,NaN,NaN,NaN,-11.969672,-85.540135
2018-08-21 12:00,5.14,37.64,17.4867,0.359,16.64,5.94,6.57,2365.93,506.386,10.4701,1292.1,551.7612,3.5987,2795.7886,1699.4601,630.552,1010.133,124.9526,2703.5978,48.269,NaN,NaN,15.9115,0.71619425,0.16265194,0.06364599,0.04997902,0.04700716,-12.710571,-91.816482
2018-09-05 13:56,NaN,NaN,NaN,NaN,NaN,NaN,NaN,NaN,NaN,NaN,NaN,NaN,NaN,NaN,NaN,NaN,NaN,NaN,NaN,NaN,NaN,NaN,NaN,NaN,NaN,NaN,NaN,NaN,NaN,NaN
2018-09-18 14:23,NaN,NaN,NaN,NaN,NaN,NaN,NaN,NaN,NaN,NaN,NaN,NaN,NaN,NaN,NaN,NaN,NaN,NaN,NaN,NaN,NaN,NaN,NaN,NaN,NaN,NaN,NaN,NaN,NaN,NaN
2018-10-02 13:36,5.08,28.08,18.0167,0.2744,2.97,3.39,5.57,NaN,NaN,7.6979,NaN,488.8136,1.7008,1860.8674,870.7309,200.9386,695.9939,21.0715,2129.0471,15.0142,NaN,NaN,4.459,0.66738311,0.14363178,0.05479493,0.04246236,0.0400467,-12.281361,-88.432871
2018-10-16 15:54,5.07,29.53,17.7633,0.2928,4.39,4.26,7.26,NaN,NaN,5.9216,NaN,487.898,1.8529,1926.4151,928.5589,256.6885,686.2499,20.3352,2242.1694,24.4658,NaN,NaN,6.6443,0.68898831,0.15830107,0.05979444,0.04627368,0.04371423,-12.431277,-89.635487
2018-10-30 13:22,5.14,30.75,14.5333,0.2387,3.71,3.6,6.17,NaN,NaN,5.6172,NaN,407.0183,1.4282,1795.4345,698.5175,253.9392,704.6108,17.5609,2187.9691,12.4393,NaN,NaN,5.2345,0.53662912,0.12085747,0.04585233,0.03552006,0.03339469,-12.512944,-90.389762
2018-11-13 10:52,4.72,39.77,27.6067,0.4533,2.88,5.41,6.95,NaN,NaN,7.5811,NaN,553.9762,1.7863,2355.8663,1125.067,479.5528,968.8652,16.305,2253.3655,14.5517,NaN,NaN,5.561,NaN,NaN,NaN,NaN,NaN,-12.008053,-85.501233
2018-11-27 13:21,5.28,50.43,14.74,0.2639,3.74,2.45,7.18,NaN,NaN,6.6374,NaN,400.9198,1.557,2364.0131,677.8981,377.1221,938.6235,14.6204,2449.9804,8.5519,NaN,NaN,4.7166,0.52634032,0.10548202,0.03787772,0.02860424,0.02681894,-12.40654,-88.825735
2018-12-11 10:24,4.92,30.75,21.3633,0.3745,2.85,4.58,6.97,NaN,NaN,5.2507,NaN,482.967,1.5037,1815.6347,1013.2277,355.5961,791.05,15.8441,2095.9561,10.2032,NaN,NaN,4.3741,0.68350973,0.14633165,0.0551285,0.04273808,0.04037408,-12.561877,-90.243125
2019-01-24 12:00,5.64,33.19,13.2,0.1903,2.97,3.04,3.78,NaN,NaN,4.6978,NaN,313.1246,1.5954,2439.5637,517.7359,450.354,921.2993,12.7636,2355.1402,7.0884,NaN,NaN,3.1378,0.37253894,0.08183138,0.03125296,0.02436329,0.0229261,-12.674949,-91.726487
2019-02-20 14:11,5.66,31.69,10.7967,0.1966,3.82,3.42,5.19,NaN,NaN,4.4297,NaN,303.9878,1.4784,2043.8238,541.431,516.0173,739.2554,11.8104,2180.3437,12.6569,NaN,NaN,3.4454,0.38602298,0.08820552,0.03385383,0.0262281,0.02465068,-12.683263,-91.630259
2019-03-21 14:04,5.57,31.82,11.0267,0.1861,3.32,3.46,4.91,NaN,NaN,4.0516,NaN,327.2098,1.5098,2162.8001,589.2147,546.6025,830.5941,11.708,2162.6704,9.5968,NaN,NaN,2.7341,0.40041223,0.09124581,0.03483092,0.0270426,0.02541566,-12.833288,-92.516949
2019-04-04 12:38,5.42,29.97,12.1967,0.1987,3.1,3.28,4.8,NaN,NaN,4.799,NaN,347.8856,1.3714,1816.3304,687.4566,581.172,709.7501,10.5456,2143.3993,9.4737,NaN,NaN,3.2296,0.45179772,0.10372369,0.03999459,0.03116718,0.02940539,-12.974186,-93.698177
2019-04-18 10:56,5.21,27.39,16.3433,0.3107,3.38,5.85,6.49,NaN,NaN,5.8793,NaN,377.1338,1.312,1555.414,867.5399,581.3198,687.1286,11.1481,2051.1479,10.5624,NaN,NaN,3.1796,0.58492365,0.13644543,0.05359413,0.04198286,0.03959833,-13.140842,-94.922456
2019-04-21 12:00,4.68,33.91,32.9967,0.5709,2.62,10.63,10.42,NaN,NaN,6.9589,NaN,694.6187,1.6558,2596.7989,1565.4806,603.8684,1056.8234,21.7226,1819.7743,14.5665,NaN,NaN,6.7622,1.04610796,0.22526301,0.08462468,0.06572494,0.06194002,-13.953015,-101.432197
2019-04-24 13:04,4.52,31.17,27.41,0.4735,2.96,8.67,9.03,NaN,NaN,3.8093,NaN,508.1771,1.3553,1669.1142,981.4705,471.1551,654.6192,16.4592,1317.4059,16.8254,NaN,3261.043,6.3884,0.9050521,0.19628719,0.07493716,0.05859986,0.05536825,-14.484219,-105.73427
2019-04-26 10:55,4.5,30.33,24.23,0.4471,2.98,8.33,7.85,NaN,NaN,3.9246,NaN,498.3207,1.6738,1475.0551,923.3105,413.8099,589.3174,14.9164,1294.8318,15.0875,NaN,3327.289,4.4235,0.81630632,0.18097771,0.07059212,0.05564124,0.05266582,-14.562295,-106.549926
2019-04-30 10:16,4.54,27.49,20.54,0.3595,2.76,7.91,7.43,NaN,NaN,4.1605,NaN,440.3879,1.7218,1364.6647,836.4685,390.2079,533.1968,12.4053,1277.559,18.5477,NaN,3330.837,7.444,0.74057357,0.16579824,0.06527159,0.05185162,0.04903727,-14.261545,-104.618624
2019-05-08 11:34,4.58,28.1,21.1033,0.3395,2.37,7.09,6.89,NaN,NaN,4.5629,NaN,449.0014,1.3519,1386.9684,818.1956,309.8487,542.0995,12.1463,1407.0736,10.5173,NaN,NaN,4.9838,0.76010236,0.17059914,0.06475597,0.05095405,0.04822562,-13.78761,-100.52805
2019-05-14 14:17,4.55,29.1,21.15,0.3603,2.89,6.8,6.88,NaN,NaN,4.8426,NaN,434.3882,1.3403,1350.4714,813.4908,273.9453,530.07,11.3285,1296.4631,10.387,NaN,3455.7006,6.7414,0.73291661,0.16582484,0.06437716,0.05077527,0.04796621,-13.590141,-98.788318
2019-05-21 12:00,4.7,27.55,16,0.2876,2.78,4.64,6.27,NaN,NaN,4.5189,NaN,363.2016,1.489,1332.0213,705.1277,161.3274,525.0455,9.9394,1581.3686,8.3833,NaN,NaN,3.9735,0.58093543,0.13304041,0.05172283,0.0408136,0.03850288,-13.459124,-97.156852
2019-06-04 12:00,4.63,28.53,23.32,0.3544,2.58,8.19,7.7,NaN,NaN,4.7958,NaN,521.0325,1.4689,1528.6299,1054.7138,170.2203,594.7037,10.2032,1675.8127,12.2422,NaN,NaN,5.8089,0.86759825,0.19374649,0.07399098,0.05806465,0.05484965,-13.117038,-94.640532
2019-06-18 12:00,5.02,26.24,14.2567,0.2133,3.85,5.75,7.12,NaN,NaN,7.4507,NaN,481.8298,1.5785,1714.6057,1020.2567,184.949,625.5463,11.4676,1824.556,14.15,NaN,NaN,4.2758,0.76335197,0.17946671,0.07094387,0.05597479,0.05287746,-13.153096,-94.565823
2019-07-02 16:39,5.07,25.22,21.3267,0.333,4.12,5.84,7.13,NaN,NaN,9.4318,NaN,606.6778,2.3518,1912.1991,1284.4989,153.523,683.9236,14.6792,2157.7427,31.9825,NaN,NaN,4.5272,0.88871295,0.21119686,0.08457438,0.06692605,0.06328965,-12.720093,-92.041135
2019-07-16 16:43,5.29,25.12,28.3633,0.5439,4.32,5.42,8.28,NaN,NaN,8.95,NaN,588.0048,2.2336,1997.5877,1331.6034,217.6612,718.8274,18.6285,2013.6632,18.5724,NaN,NaN,3.3667,0.89229432,0.2151358,0.08705331,0.06887145,0.06522363,-12.868856,-92.663676
2019-07-30 13:50,NaN,NaN,NaN,NaN,NaN,NaN,NaN,NaN,NaN,NaN,NaN,NaN,NaN,NaN,NaN,NaN,NaN,NaN,NaN,NaN,NaN,NaN,NaN,NaN,NaN,NaN,NaN,NaN,NaN,NaN
2019-08-13 13:33,NaN,NaN,NaN,NaN,NaN,NaN,NaN,NaN,NaN,NaN,NaN,NaN,NaN,NaN,NaN,NaN,NaN,NaN,NaN,NaN,NaN,NaN,NaN,NaN,NaN,NaN,NaN,NaN,NaN,NaN
2019-08-27 13:59,4.84,45.55,22.0167,LOD,2.54,3.84,5.76,NaN,NaN,5.7213,NaN,403.8763,2.7184,2797.3204,536.0391,157.9164,1098.4162,23.9486,2407.23,18.5718,NaN,NaN,5.4203,0.46008123,0.09438218,0.03312794,0.02526177,0.02356433,-12.562208,-90.084603
2019-09-10 11:19,4.92,36.3,15.3133,0.2369,2.84,3.62,5.72,NaN,NaN,4.9336,NaN,399.9818,1.8788,2130.5119,641.6296,126.3286,846.1006,17.318,2207.304,20.2867,NaN,NaN,4.6228,0.49438604,0.10980519,0.04059172,0.03125788,0.029325,-12.550674,-90.543394
2019-09-23 11:51,4.93,36.98,14.8933,0.2536,3.26,3.53,6.44,NaN,NaN,3.9802,NaN,416.3451,1.8364,2221.3308,619.069,151.7643,886.6942,15.7587,2444.4745,16.2092,NaN,NaN,3.8511,0.48015849,0.10348171,0.03811161,0.02938415,0.02773912,-12.666287,-91.705475
2019-10-08 13:35,5.08,37.16,14.7967,0.2414,2.34,2.91,4.52,NaN,NaN,5.6037,NaN,397.4867,1.8366,2233.539,599.3399,211.4298,948.0022,13.9829,2508.1305,24.3845,NaN,NaN,4.952,NaN,NaN,NaN,NaN,NaN,-12.743798,-92.064871
2019-10-22 13:59,5.26,34.66,12.55,0.2193,12.43,2.94,9.48,NaN,NaN,3.1469,NaN,361.0509,1.6871,2220.0922,502.6563,263.8012,906.7048,15.178,2419.7348,37.0588,NaN,NaN,7.7798,0.41190588,0.09044058,0.03365986,0.0260874,0.02442136,-12.692486,-91.920234
2019-11-05 11:22,5.34,37.51,12.2167,0.2092,4.19,3.84,5.16,2448.42,218.828,3.6402,1470.66,345.7057,1.689,2444.5195,489.2607,224.7568,1007.9715,12.6144,2466.7015,13.5083,NaN,NaN,3.6098,0.42884948,0.08996173,0.03247815,0.02481981,0.02337468,-12.779267,-92.406248
2019-11-21 13:54,4.89,32.91,19.2433,0.3113,2.17,5.1,6.61,1831.14,201.566,4.338,1202.12,445.882,1.4691,1930.5603,869.7289,206.0006,843.1347,15.2309,1980.0577,23.0336,NaN,NaN,5.3537,0.67561325,0.14484685,0.05342669,0.04138416,0.0389869,-13.030718,-93.807525
2019-12-09 16:01,5.19,31.76,13.9733,0.2274,3.39,4.3,8.34,1989.98,LOD,3.5189,1075.2,367.2018,1.5903,1987.1068,628.2376,199.1055,844.3916,11.7329,2107.918,19.2893,NaN,NaN,9.103,0.44862781,0.09683457,0.03649021,0.02834452,0.02671718,-12.950358,-93.466665
2020-01-15 14:17,5.36,29.77,11.47,0.1869,2.21,3.29,3.43,1898.96,LOD,5.9084,963.082,311.3458,1.2908,1692.0613,503.0145,254.9178,753.7489,8.7246,1964.3006,20.4286,NaN,NaN,3.3949,NaN,NaN,NaN,NaN,NaN,-12.86466,-93.89132
2020-02-13 14:57,5.11,27.97,16.3367,0.2676,2.55,3.57,5.12,1636.42,LOD,5.5956,1093.09,379.939,1.3237,1571.5337,701.96,328.0976,728.8478,9.1666,1863.044,19.6722,NaN,NaN,3.2635,NaN,NaN,NaN,NaN,NaN,-13.009921,-94.938118
2020-03-11 16:40,5.3,30,10.8833,0.1991,2.19,3.44,4.76,1630.79,LOD,5.9138,1181.26,298.9989,1.212,1454.7959,530.6164,382.0535,653.9634,6.9748,1728.7148,12.9003,NaN,NaN,2.5305,NaN,NaN,NaN,NaN,NaN,-13.01881,-95.216078
2020-03-30 12:00,5.37,30,11.88,0.2012,3.16,4.44,6.11,1655.11,LOD,5.4185,1076.41,314.3762,1.1777,1476.8465,582.5512,447.6455,647.9851,6.6599,1869.6525,29.8913,NaN,NaN,4.9867,NaN,NaN,NaN,NaN,NaN,-12.859215,-94.485676
2020-04-08 15:00,5.42,30,11.1333,0.1794,2.86,3.57,5.01,1745.54,LOD,5.1628,1229.92,303.5418,1.1368,1557.7142,511.8051,408.2908,669.3784,6.4513,1863.6045,21.9682,NaN,NaN,2.495,NaN,NaN,NaN,NaN,NaN,-13.000029,-94.916274
2020-04-17 13:23,5.27,30,14.0533,0.2367,2.8,3.98,5.8,1602.93,LOD,6.0559,940.963,356.0953,1.2151,1539.6707,652.8242,508.8904,688.8825,7.0879,1897.7468,26.7193,NaN,NaN,4.1591,NaN,NaN,NaN,NaN,NaN,-13.126773,-95.778792
2020-04-20 14:50,4.94,30,22.8167,0.3537,1.57,4.46,4.89,1252.37,LOD,6.335,807.411,499.5592,1.2781,1717.0705,940.1819,488.9494,762.5569,9.4943,1818.394,21.611,NaN,NaN,5.4717,NaN,NaN,NaN,NaN,NaN,-13.386239,-97.880173
2020-04-23 12:00,4.68,30,30.4467,0.4947,1.5,6.21,7.47,718.187,LOD,6.4346,586.48,583.1721,1.3878,1885.1101,1004.517,585.7739,778.8588,10.7733,1655.2647,47.525,NaN,2806.6368,11.746,NaN,NaN,NaN,NaN,NaN,-13.678927,-100.53407
2020-04-27 15:15,4.72,30,23.1467,0.3761,1.72,5.68,7.32,1147.37,LOD,6.2512,737.203,492.3431,1.1771,1592.2106,864.3867,296.3924,663.9864,8.9453,1459.2901,NaN,NaN,2881.7468,20.7517,NaN,NaN,NaN,NaN,NaN,-13.47376,-99.713538
2020-04-30 11:00,4.79,30,19.7,0.3455,2.01,5.4,7.03,1227.36,LOD,6.4765,762.838,445.551,1.1564,1470.1203,768.5027,270.639,617.8347,8.2097,1465.9134,14.3599,NaN,2979.0035,5.0567,NaN,NaN,NaN,NaN,NaN,-13.453382,-99.315551
2020-05-04 12:00,4.6,30,25.2167,0.4184,1.76,6.43,8.14,1032.72,LOD,4.7852,720.033,503.4086,1.1901,1438.4231,820.0452,283.3898,586.2883,8.9861,1323.0123,16.9554,NaN,2565.7577,16.3571,NaN,NaN,NaN,NaN,NaN,-13.527152,-100.576852
2020-05-07 12:00,4.56,30,23.1333,0.3778,1.87,6.52,7.89,992.959,LOD,6.3475,701.171,476.6957,1.0772,1342.2191,755.3205,294.0954,522.3496,8.8984,1286.4852,24.0015,NaN,2400.9539,5.4023,NaN,NaN,NaN,NaN,NaN,-13.423153,-100.458596
2020-05-11 13:56,4.58,30,18.4367,0.3301,0.96,3.85,5.09,1068.81,LOD,5.2052,724.14,412.3439,1.1609,1188.5349,628.4337,233.7926,484.4503,8.0516,1303.0678,50.8526,NaN,2506.4053,7.8511,NaN,NaN,NaN,NaN,NaN,-13.419968,-99.716768
2020-05-14 11:17,4.62,30,17.4067,0.2645,1.24,4.71,5.44,1122.48,LOD,4.7736,730.808,388.6651,1.0635,1149.2664,623.4268,201.4935,456.1659,7.3241,1291.1907,62.2447,NaN,2552.8643,5.3594,NaN,NaN,NaN,NaN,NaN,-13.400754,-98.647794
2020-05-19 12:00,4.58,30,19.92,0.33,1.72,5.64,7.29,1063.81,LOD,5.5691,679.169,424.8706,1.1361,1166.473,648.8123,198.7404,466.1618,7.2624,1313.1021,30.4813,NaN,2517.409,5.3464,NaN,NaN,NaN,NaN,NaN,-13.362441,-98.920767
2020-05-26 14:53,4.61,20,17.2833,0.2919,2.02,5.7,7.59,1125.58,LOD,5.0218,683.467,391.5045,1.1953,1136.5243,615.2144,146.4072,445.6431,6.715,1304.569,17.2752,NaN,2480.3082,5.5974,NaN,NaN,NaN,NaN,NaN,-13.338494,-99.164835
2020-06-02 13:59,4.74,30,14.78,0.2253,1.64,4.99,6.27,777.177,LOD,6.4847,530.242,378.7706,1.5397,1235.4501,599.4155,138.4764,477.6904,6.9005,1483.08,62.2203,NaN,2849.0668,6.8265,NaN,NaN,NaN,NaN,NaN,-13.349294,-97.979062
2020-06-16 14:57,4.98,30,19.1233,0.3075,3,4.59,4.79,1365.7,LOD,9.5671,807.06,466.3861,1.551,1612.1657,833.602,155.5696,614.0161,9.289,1800.065,31.8229,NaN,NaN,12.3118,NaN,NaN,NaN,NaN,NaN,-13.274227,-97.324414
2020-06-30 13:23,NaN,NaN,NaN,NaN,NaN,NaN,NaN,NaN,NaN,NaN,NaN,NaN,NaN,NaN,NaN,NaN,NaN,NaN,NaN,NaN,NaN,NaN,NaN,NaN,NaN,NaN,NaN,NaN,NaN,NaN
2020-07-14 16:15,4.83,30,20.99,0.3429,3.47,4.27,4.54,1079.06,LOD,9.6965,774.712,498.8937,1.1045,1345.8456,967.9898,88.2131,533.7336,9.3506,1777.1221,35.8112,NaN,3284.9801,6.5751,NaN,NaN,NaN,NaN,NaN,-13.108701,-96.16407
2020-07-28 10:23,4.84,30,25.3367,0.4136,3.89,4.83,6.18,996.171,LOD,9.6142,802.641,581.3879,1.1496,1463.4451,1267.3427,104.8755,571.7734,9.3484,1856.4957,43.6339,NaN,3491.3498,6.1906,NaN,NaN,NaN,NaN,NaN,-13.187333,-96.522969
2020-08-11 12:00,5.32,40,14.65,0.2718,5.07,4.12,5.04,2555.02,LOD,10.9352,879.357,415.6423,2.127,2063.4351,734.0511,530.3633,899.5758,26.1328,2673.3493,35.8002,NaN,NaN,4.0985,NaN,NaN,NaN,NaN,NaN,-13.33877,-98.11263
2020-08-25 12:52,NaN,NaN,NaN,NaN,NaN,NaN,NaN,NaN,NaN,NaN,NaN,NaN,NaN,NaN,NaN,NaN,NaN,NaN,NaN,NaN,NaN,NaN,NaN,NaN,NaN,NaN,NaN,NaN,NaN,NaN
2020-09-06 12:00,5.2,30,17.1567,0.3283,17.35,18.12,9.82,1265.11,LOD,22.9243,978.023,772.0877,1.5366,1997.6163,612.4559,430.0231,672.9822,36.2118,2466.2341,55.786,NaN,NaN,6.0781,NaN,NaN,NaN,NaN,NaN,-13.064011,-96.104587
2020-09-22 10:47,5,30,21.5,0.3447,4.87,3.57,3.34,1816.28,LOD,10.9184,1170.12,484.7907,1.1404,2045.6139,877.0742,127.184,809.3915,15.42,2135.6571,47.8041,NaN,NaN,4.769,NaN,NaN,NaN,NaN,NaN,-12.781393,-94.110946
2020-10-06 15:20,4.93,31,20.1,0.31,9.22,3.37,4.43,1637.19,LOD,8.8302,1301.65,487.2138,1.5971,1737.2839,932.662,298.514,704.6196,15.7978,2127.3931,56.6795,NaN,NaN,10.9649,NaN,NaN,NaN,NaN,NaN,-12.965777,-93.726061
2020-10-20 13:38,4.69,33,23.5,0.38,5.84,5.27,6.7,1489.79,LOD,7.8647,1139.08,528.9829,1.2946,1703.3717,1021.1128,162.0415,690.6495,11.4639,1740.151,40.7055,NaN,NaN,6.8085,NaN,NaN,NaN,NaN,NaN,-13.019297,-94.437035
2020-11-03 14:48,4.24,39,37,0.65,1.81,8.86,6.36,921.701,LOD,7.3276,917.979,610.4113,2.1256,1498.9057,982.0384,582.9284,530.2078,15.0894,1271.2969,27.2219,NaN,2142.9987,9.6766,NaN,NaN,NaN,NaN,NaN,-13.476009,-97.784425
2020-11-17 15:10,4.41,33,28.2,0.43,3.61,6.59,4.86,1167.2,LOD,7.6267,1047.52,525.8494,1.4708,1253.5224,993.2891,297.7196,492.1744,10.3847,1487.5151,17.5517,NaN,3048.6951,4.4258,NaN,NaN,NaN,NaN,NaN,-13.134466,-95.571092
2020-12-02 11:42,4.63,27,17.1,0.28,3.92,4.08,6,1255.73,LOD,6.3617,943.065,392.6266,1.1938,1052.6209,747.7766,261.0913,457.8004,8.4433,1567.7933,13.1117,NaN,3340.6384,8.121,NaN,NaN,NaN,NaN,NaN,-13.081555,-95.647947
2020-12-15 12:00,4.6,27,18.3,0.29,3.62,4.36,5.96,1179.05,LOD,5.8987,901.951,409.3845,1.2792,1052.6824,771.0534,348.4233,443.0655,8.1541,1575.7695,14.993,NaN,3343.2058,6.211,NaN,NaN,NaN,NaN,NaN,-13.052569,-95.084377
2021-01-11 16:35,4.71,0.025,14.3,0.24,4.58,3.7,5.85,1220.43,LOD,5.397,886.818,380.5228,1.2927,944.3572,661.4022,311.1549,395.9512,6.8694,1459.5835,15.2563,NaN,NaN,4.6493,NaN,NaN,NaN,NaN,NaN,-13.172049,-94.913722
2021-02-15 16:14,5.07,24.49,12.7,0.22,5.55,3.8,5.79,1300.88,LOD,5.7778,831.694,364.7438,1.2978,1033.4721,645.2977,433.368,415.6755,6.0348,1659.9899,15.5173,NaN,NaN,5.5043,NaN,NaN,NaN,NaN,NaN,-13.057587,-95.049247
2021-03-15 16:27,5.05,24.37,14.4,0.23,4.77,3.39,6.99,1319.42,LOD,5.5045,824.888,363.437,1.2349,1052.5026,657.0879,390.8076,427.5819,5.7411,1441.0256,20.9118,NaN,NaN,11.6891,NaN,NaN,NaN,NaN,NaN,-13.264766,-95.76085
2021-03-29 15:27,4.96,23.33,16.5,0.26,2.65,4.17,5.37,1086.79,LOD,5.2723,767.054,391.5695,1.2786,987.6725,846.7634,370.1955,415.492,6.0766,1375.6497,NaN,NaN,NaN,5.0707,NaN,NaN,NaN,NaN,NaN,-13.229911,-96.41631
2021-04-06 14:05,4.86,25.76,22.7,0.36,2.12,5.67,6.07,715.151,LOD,5.4307,545.129,455.3503,1.1237,1169.1269,863.0965,270.0422,421.4773,6.433,1174.9871,8.9473,NaN,3269.6814,10.8299,NaN,NaN,NaN,NaN,NaN,-13.158562,-96.401043
2021-04-12 15:51,4.94,24.24,17.5,0.28,2.6,4.04,6.17,1152.14,LOD,5.4257,741.487,403.6089,1.0224,1036.9024,765.3941,294.0275,407.2357,5.6008,1226.5456,8.4261,NaN,3495.7232,5.8375,NaN,NaN,NaN,NaN,NaN,-13.396047,-97.289343
2021-04-19 14:43,4.72,26.57,26.9,0.43,2.38,6.37,7.16,946.124,LOD,5.5591,673.894,515.9921,1.0751,1170.9535,929.0183,300.4483,382.7328,6.7187,1194.9112,10.7262,NaN,2750.7825,3.6042,NaN,NaN,NaN,NaN,NaN,-13.883158,-99.928761
2021-04-22 15:05,4.59,27.26,26,0.42,1.18,5.02,6.07,924.026,LOD,5.2926,624.458,523.6551,1.118,1124.2547,834.6676,275.5428,404.4309,7.2238,1098.3748,9.5087,NaN,2608.8312,5.2271,NaN,NaN,NaN,NaN,NaN,-13.989992,-101.154092
2021-04-26 13:30,4.7,25.22,19.2,0.33,4.62,5.22,7.11,1083.08,LOD,4.4661,705.237,390.1364,1.0519,934.428,649.1952,232.0119,380.1621,5.5975,1044.336,8.3605,NaN,2834.2096,2.9538,NaN,NaN,NaN,NaN,NaN,-13.75999,-99.469697
2021-04-28 16:23,4.73,23.46,18.2,0.28,2.95,4.21,6.54,1111.73,LOD,4.7873,719.183,351.9405,1.0205,945.0992,641.4384,211.2931,314.749,5.2907,1058.9483,7.3289,NaN,2894.7882,2.9894,NaN,NaN,NaN,NaN,NaN,-13.654695,-98.98336
2021-05-03 14:40,4.75,23.5,17.5,0.26,1.95,5.37,5.78,1090.29,LOD,5.0859,714.5,350.5711,0.9949,877.8463,621.4176,209.8243,292.7957,4.9225,1115.7884,6.6693,NaN,2705.5849,2.9833,NaN,NaN,NaN,NaN,NaN,-13.722134,-99.255472
2021-05-06 12:18,4.68,25.03,21.2,0.33,1.61,5.29,6.05,1033,LOD,5.0591,675.299,451.7363,0.9721,1024.2972,709.1459,243.2621,385.3049,5.6569,1102.2431,8.7725,NaN,2961.8006,4.1297,NaN,NaN,NaN,NaN,NaN,-13.87958,-100.396765
2021-05-11 14:18,4.57,25.36,24.2,0.39,2.22,8.84,4.46,836.589,LOD,5.0927,586.341,493.7619,1.4149,966.0235,692.2737,316.9817,399.9992,6.1843,1060.3516,9.5421,NaN,2962.9517,3.4864,NaN,NaN,NaN,NaN,NaN,-14.280221,-103.613479
2021-05-15 12:28,4.46,23.61,20.7,0.39,2.02,7.51,3.9,743.185,LOD,3.8617,485.372,378.7767,1.3774,696.6755,451.2365,290.8486,258.0482,6.1621,728.4745,26.5033,NaN,1927.654,5.1548,NaN,NaN,NaN,NaN,NaN,-14.838676,-108.44825
2021-05-18 15:08,4.44,25.35,21.9,0.38,0.69,8.11,4.24,433.226,LOD,3.8948,349.949,393.2174,1.3735,714.3537,505.1466,260.2694,269.2559,5.9549,780.1674,10.7789,NaN,1940.29,3.8988,NaN,NaN,NaN,NaN,NaN,-14.644711,-106.719725
2021-05-27 11:30,4.57,24.52,15.8,0.26,1.52,6.83,4.12,1078.21,LOD,4.2592,681.556,349.9142,1.2704,734.4357,529.2313,150.4263,286.0795,5.164,1002.8276,11.7842,NaN,2589.6987,4.4177,NaN,NaN,NaN,NaN,NaN,-14.023903,-101.769141
2021-06-07 17:10,4.63,25.67,18.3,0.29,2.16,6.65,4.59,1062.71,LOD,7.938,767.227,460.9331,1.2569,971.9558,852.6992,82.5561,326.669,6.4771,1230.3237,11.9442,NaN,3186.3839,4.8517,NaN,NaN,NaN,NaN,NaN,-13.633095,-98.859202
2021-06-21 09:52,4.44,27.99,32.7,0.55,2.35,9.98,7.3,654.833,LOD,7.2895,630.74,631.1167,1.6537,985.2112,1168.3212,101.9443,338.8699,8.1823,1044.3702,15.3869,NaN,2350.446,5.247,NaN,NaN,NaN,NaN,NaN,-12.440466,-89.435474
2021-07-06 14:19,5.03,31.07,20.2,0.37,2.44,16.01,15.57,315.268,LOD,3.4919,424.02,112.6552,1.7333,817.3282,1363.4972,122.9772,201.7533,7.7036,549.2295,9.959,NaN,1541.7975,14.1378,NaN,NaN,NaN,NaN,NaN,-13.491256,-96.560885
2021-07-21 11:24,4.82,27.78,39.6,0.63,6.83,10.48,10.97,600.75,LOD,12.695,899.854,2.1025,0.8931,1155.6314,NaN,131.4795,619.8958,9.3146,1927.5951,LOD,NaN,NaN,4.3502,NaN,NaN,NaN,NaN,NaN,-12.728515,-91.125171
2021-08-02 11:16,4.97,27.02,27.3,0.45,5.65,7.31,7.62,924.933,LOD,15.685,1029.92,600.4931,1.4185,1376.4306,1495.646,196.7347,400.1099,17.233,1590.0553,29.4863,NaN,NaN,12.2342,NaN,NaN,NaN,NaN,NaN,-12.798839,-91.661332
2021-08-31 12:00,4.69,30.2,33,0.53,4.92,9.8,11.6,938.258,LOD,11.96,880.187,675.2996,1.2713,1474.1057,1730.4464,168.5936,405.1792,9.8908,1401.484,15.9824,NaN,3266.468,5.4163,NaN,NaN,NaN,NaN,NaN,-12.971657,-92.858961
2021-08-31 15:24,4.76,26.1,29.2,0.47,6.22,9.28,8.96,631.337,LOD,14.284,1011.27,678.2005,1.0324,1217.1565,1810.9834,122.2208,359.3514,9.662,1530.2404,26.2485,NaN,NaN,5.3009,NaN,NaN,NaN,NaN,NaN,-12.634418,-90.804916
2021-09-13 13:52,4.78,24.97,29.6,0.48,9.26,7.94,10.04,749.63,LOD,10.8978,1057.07,630.9712,1.141,1130.182,1706.553,181.19,427.5275,7.5915,1477.7139,21.5494,NaN,NaN,8.39,NaN,NaN,NaN,NaN,NaN,-13.002794,-93.407371
2021-09-27 12:11,4.5,32.99,35.6,0.57,5.06,9.79,9.39,953.715,LOD,8.3588,1026.02,695.4125,1.2225,1383.8288,1588.9444,180.0453,534.5006,9.2292,1301.1383,16.4427,NaN,NaN,4.6464,NaN,NaN,NaN,NaN,NaN,-12.691137,-90.608619
2021-10-12 16:46,3.83,LOD,30.9,0.49,5,8.46,8.33,897.232,LOD,9.1822,979.638,631.8803,3.6701,1143.6721,1390.279,213.1659,451.868,9.3045,1297.5296,14.0777,NaN,NaN,4.5608,NaN,NaN,NaN,NaN,NaN,-12.644571,-90.397865
2021-10-26 17:45,4.46,27.92,26.7,0.42,4.75,8.05,5.39,948.793,LOD,6.7895,884.579,501.5653,1.0953,912.5695,1100.3516,170.8267,309.7644,7.1242,1061.5701,10.8148,NaN,2751.5028,3.3012,NaN,NaN,NaN,NaN,NaN,-13.098112,-92.739328
2021-11-08 15:44,4.49,27.97,24.1,0.35,4.34,6.28,6.31,808.608,LOD,6.591,765.823,446.8242,1.1322,875.4534,1039.2386,254.153,343.2856,6.5204,1110.3226,14.8338,NaN,3496.0737,4.203,NaN,NaN,NaN,NaN,NaN,-13.168007,-93.888228
2021-11-22 12:00,4.68,23.54,24.1,0.26,4.07,5.82,5.32,1110.42,LOD,5.3,884.012,460,1.4,1000,1000,260,460,8,1900,13,1500,6100,4.1,NaN,NaN,NaN,NaN,NaN,-13.249359,-94.165798
2021-12-14 16:22,4.94,22.38,13.3,0.21,2,5.25,1.15,1186.86,LOD,5.123,855.309,315.0132,1.0727,774.2004,783.0187,214.6586,346.8582,5.9107,1289.9843,11.0496,NaN,NaN,8.3117,NaN,NaN,NaN,NaN,NaN,-13.06909,-93.900235
2022-01-13 15:27,5.11,22.79,12.4,0.2,6.57,4.84,5.1,1227.39,LOD,5.3,859.803,370,1.3,1300,970,360,530,9.7,2000,13,1600,7000,4,NaN,NaN,NaN,NaN,NaN,-13.248122,-94.414121
2022-02-10 16:37,5.33,24.05,12.6,0.19,3.86,3.88,6.12,1403.71,LOD,4.9,836.314,370,1.5,1500,900,430,620,9.6,2200,11,1900,7700,5.3,NaN,NaN,NaN,NaN,NaN,-13.303527,-94.703706
2022-03-07 15:30,5.42,25.24,12.6,0.2,4.25,3.96,6.11,1454.74,LOD,5.2,814.5,380,1.6,1800,950,500,680,9.1,2300,11,2000,7900,7.2,NaN,NaN,NaN,NaN,NaN,-13.275464,-94.500385
2022-04-04 15:43,5.3,25.02,14.5,0.24,4.69,4.07,5.53,1381.91,LOD,5.4,730.206,390,1.2,1500,1000,460,640,8.6,2200,11,1900,7100,3.5,NaN,NaN,NaN,NaN,NaN,-13.113952,-94.38359
2022-04-20 11:47,4.85,25.44,25.6,0.4,3.35,4.82,8.16,796.757,LOD,5.4,568.907,600,1.3,1600,1400,460,760,11,1900,14,1400,5600,6.1,NaN,NaN,NaN,NaN,NaN,-13.967796,-101.245825
2022-04-25 10:50,4.67,23.37,22.4,0.37,2.7,5.8,7.86,657.953,LOD,4.5,435.078,510,1.4,1400,1000,320,570,10,1600,12,1300,4700,5,NaN,NaN,NaN,NaN,NaN,-14.128581,-102.630193
2022-04-28 13:54,4.82,22.4,18.2,0.3,3.18,6.65,3.22,892.165,LOD,4.2,532.44,430,1.4,1300,890,310,510,8.9,1500,15,1400,4700,6.2,NaN,NaN,NaN,NaN,NaN,-13.783438,-100.09484
2022-05-02 12:00,4.76,21.62,18.1,0.29,3.31,7.01,4.59,804.306,LOD,4.6,500.114,370,1.2,1000,760,290,460,7.9,1500,11,1100,4300,6.2,NaN,NaN,NaN,NaN,NaN,-13.816157,-99.949972
2022-05-05 13:58,4.8,22.29,16,0.26,2.56,6,3.75,896.116,LOD,3.7,520.372,410,1.1,1200,770,230,500,8.3,1600,9.4,1400,4600,6.1,NaN,NaN,NaN,NaN,NaN,-13.720454,-99.402766
2022-05-09 14:44,4.77,22.34,17.1,0.28,2.9,6.59,5.1,1019.45,LOD,4.2,541.579,410,1.3,1100,830,190,490,8.2,1500,9.4,1400,4400,6.4,NaN,NaN,NaN,NaN,NaN,-13.800358,-99.665501
2022-05-12 14:40,4.69,22.77,18.6,0.31,3.12,7.09,4.41,952.165,LOD,4.3,560.136,520,1.4,1200,980,200,520,9.3,1600,17,1400,4500,11,NaN,NaN,NaN,NaN,NaN,-13.74501,-99.327736
2022-05-17 10:15,4.79,22.89,16,0.26,2.82,5.9,4.92,846.715,LOD,4.4,529.776,440,1.3,1300,940,170,520,8.5,1700,10,1700,5300,6.3,NaN,NaN,NaN,NaN,NaN,-13.532165,-97.820495
2022-05-24 13:29,4.9,23.9,14.4,0.24,2.25,4.83,4.42,762.987,LOD,5.4,472.032,410,1.6,1300,820,160,550,8.2,1900,11,1700,5300,5,NaN,NaN,NaN,NaN,NaN,-13.391262,-96.645618
2022-06-09 11:56,4.93,23.75,19.9,0.32,3.41,5.73,5.12,1003.84,LOD,7.9,664.14,600,1.6,1400,1300,150,640,9.9,2000,17,1600,6100,8.7,NaN,NaN,NaN,NaN,NaN,-13.062431,-94.653588
2022-06-22 12:20,4.7,27.02,28.5,0.47,2.67,8.19,4.46,858.097,LOD,8.7,599.678,790,1.8,1800,1800,140,710,12,2100,17,1400,6000,18,NaN,NaN,NaN,NaN,NaN,-13.605788,-99.434592
2022-07-06 11:48,4.71,25.56,30.9,0.52,3.04,7.84,3.52,683.025,LOD,13,742.66,820,2,1800,2400,160,670,13,2200,26,1200,5800,15,NaN,NaN,NaN,NaN,NaN,-13.032864,-93.631382
2022-07-18 14:53,4.67,25.89,30.4,0.47,2.61,7.29,2.04,764.216,LOD,10,732.718,850,1.9,1700,2200,150,660,12,2100,20,1300,5900,8.9,NaN,NaN,NaN,NaN,NaN,-13.056287,-94.230564
2022-08-04 13:33,4.94,24.71,31.6,0.52,6.59,7.4,5.17,637.93,LOD,16,949.26,940,1.6,1800,2600,260,660,14,2300,37,1100,7000,8.6,NaN,NaN,NaN,NaN,NaN,-13.217278,-94.291508
2022-09-01 12:13,5.51,35.08,32.5,0.59,8.04,6.32,4.04,1138.06,LOD,31,984.135,1000,2.5,3500,3500,890,1300,54,3000,51,2200,9900,17,NaN,NaN,NaN,NaN,NaN,-13.025234,-93.903131
2022-09-14 13:29,5.5,38.83,31.9,0.62,7.58,9.94,18.79,1280.91,210.355,32,1067.72,970,2.8,3100,4100,1000,1300,92,3300,51,2100,9300,9.4,NaN,NaN,NaN,NaN,NaN,-13.235803,-95.47152
2022-09-27 10:36,4.9,28.13,27.6,0.43,4.34,7.76,4.43,932.867,LOD,8.3,980.647,650,1.6,1900,1900,340,720,14,2200,18,1400,7000,8.7,NaN,NaN,NaN,NaN,NaN,-12.768055,-92.001911
2022-10-11 11:34,4.82,28.75,27.4,0.43,4.54,7.45,4.08,903.2,LOD,8.4,955.812,700,1.4,1900,2000,270,750,14,2200,19,1500,6700,7.8,NaN,NaN,NaN,NaN,NaN,-12.807432,-91.877794
2022-10-25 15:03,5.05,24.8,19.7,0.32,3.64,5.89,4.12,661.052,LOD,6.8,646.259,580,1.5,1700,1600,200,690,11,2000,16,1500,7200,5.7,NaN,NaN,NaN,NaN,NaN,-12.954162,-92.4491
2022-11-09 15:08,5.02,25.23,22.2,0.36,3.55,7,4.17,988.8,LOD,6.6,939.525,580,1.7,1600,1600,230,670,11,2200,15,1500,6900,4.7,NaN,NaN,NaN,NaN,NaN,-12.94531,-92.564159
2022-11-21 15:42,6.93,1.85,16.4,0.29,3.28,7.24,3.83,1141.79,LOD,6.6,919.775,460,1.3,1400,1300,220,620,10,2100,13,1600,7400,6.1,NaN,NaN,NaN,NaN,NaN,-13.040353,-93.299177
2022-12-12 12:12,5.33,23.78,12.7,0.23,2.84,4.83,3.74,1256.83,LOD,4.9,867.815,330,1.2,1300,890,260,520,10,1700,10,1500,6500,2.4,0.595032,0.141327,0.05545,0.043594,0.041077,-13.130393,-94.029737
2023-01-17 11:07,4.21,33.08,NaN,NaN,3.11,5.16,3.44,1291.87,LOD,NaN,839.408,NaN,NaN,NaN,NaN,NaN,NaN,NaN,NaN,NaN,NaN,NaN,NaN,0.605713,0.144196,0.056671,0.044571,0.042191,-13.168,-93.962266
2023-02-15 11:40,5.56,27.07,11.6,0.21,2.9,4.56,3.64,1536.31,LOD,NaN,813.908,NaN,NaN,NaN,NaN,NaN,NaN,NaN,NaN,NaN,NaN,NaN,NaN,0.540665,0.12738,0.049789,0.039047,0.036987,-12.935716,-93.541333
2023-03-14 15:57,5.65,28.83,12.8,0.21,3.41,4.72,5.61,1551.3,LOD,NaN,782.455,NaN,NaN,NaN,NaN,NaN,NaN,NaN,NaN,NaN,NaN,NaN,NaN,0.537,0.128,0.05,0.04,0.037,-13.185295,-94.497646
2023-04-05 14:24,5.77,29.75,11.3,0.21,3.05,6.59,4.43,1664.33,LOD,NaN,774.765,NaN,NaN,NaN,NaN,NaN,NaN,NaN,NaN,NaN,NaN,NaN,NaN,NaN,NaN,NaN,NaN,NaN,-13.211793,-94.828995
2023-04-14 14:00,5.36,24.36,15.7,0.24,4.21,6.67,9.46,1130.59,LOD,NaN,735.746,NaN,NaN,NaN,NaN,NaN,NaN,NaN,NaN,NaN,NaN,NaN,NaN,0.747,0.175,0.069,0.054,0.051,-13.374727,-96.017324
2023-04-18 12:16,5.25,24.28,17.4,0.26,3.98,8.22,8.56,903.304,LOD,NaN,713.019,NaN,NaN,NaN,NaN,NaN,NaN,NaN,NaN,NaN,NaN,NaN,NaN,0.807,0.185,0.071,0.056,0.053,-13.45658,-96.661206
2023-04-25 16:02,4.84,24.78,20.3,0.31,3.84,7.91,8.26,1046.77,LOD,NaN,583.164,NaN,NaN,NaN,NaN,NaN,NaN,NaN,NaN,NaN,NaN,NaN,NaN,0.88,0.195,0.074,0.057,0.054,-13.699541,-98.734964
2023-04-27 11:44,4.64,25.86,22.8,0.37,3.27,8.26,7.14,463.683,LOD,NaN,438.38,NaN,NaN,NaN,NaN,NaN,NaN,NaN,NaN,NaN,NaN,NaN,NaN,1.034,0.227,0.086,0.067,0.063,-13.877532,-99.808977
2023-05-03 13:10,4.67,25.08,19.6,0.3,3.08,6.99,6.77,718.613,LOD,NaN,507.122,NaN,NaN,NaN,NaN,NaN,NaN,NaN,NaN,NaN,NaN,NaN,NaN,0.889,0.196,0.074,0.058,0.055,-13.83696,-99.465562
2023-05-09 11:18,4.55,24.26,21.2,0.32,2.88,7.59,7.14,790.941,LOD,NaN,525.767,NaN,NaN,NaN,NaN,NaN,NaN,NaN,NaN,NaN,NaN,NaN,NaN,0.977,0.214,0.081,0.063,0.06,-14.091685,-101.698017
2023-05-12 14:02,4.52,22.73,17.8,0.3,2.98,6.95,6.08,669.6,LOD,NaN,431.449,NaN,NaN,NaN,NaN,NaN,NaN,NaN,NaN,NaN,NaN,NaN,NaN,0.809,0.178,0.068,0.054,0.051,-14.264266,-103.407605
2023-05-23 15:28,4.81,22.98,14,0.21,3.1,5.63,4.76,1161.16,LOD,NaN,621.741,NaN,NaN,NaN,NaN,NaN,NaN,NaN,NaN,NaN,NaN,NaN,NaN,0.692,0.16,0.063,0.05,0.047,-13.575752,-97.434333
2023-06-07 16:14,5.09,22.51,13.3,0.21,3.22,5.38,4.71,1154.02,LOD,NaN,671.41,NaN,NaN,NaN,NaN,NaN,NaN,NaN,NaN,NaN,NaN,NaN,NaN,0.667,0.156,0.062,0.049,0.047,-13.428309,-96.598118
2023-06-20 15:25,NaN,NaN,NaN,NaN,NaN,NaN,NaN,NaN,NaN,NaN,NaN,NaN,NaN,NaN,NaN,NaN,NaN,NaN,NaN,NaN,NaN,NaN,NaN,NaN,NaN,NaN,NaN,NaN,NaN,NaN
2023-07-04 15:37,NaN,NaN,NaN,NaN,NaN,NaN,NaN,NaN,NaN,NaN,NaN,NaN,NaN,NaN,NaN,NaN,NaN,NaN,NaN,NaN,NaN,NaN,NaN,NaN,NaN,NaN,NaN,NaN,NaN,NaN
2023-07-18 15:18,NaN,NaN,NaN,NaN,NaN,NaN,NaN,NaN,NaN,NaN,NaN,NaN,NaN,NaN,NaN,NaN,NaN,NaN,NaN,NaN,NaN,NaN,NaN,NaN,NaN,NaN,NaN,NaN,NaN,NaN
2023-08-01 13:13,NaN,NaN,NaN,NaN,NaN,NaN,NaN,NaN,NaN,NaN,NaN,NaN,NaN,NaN,NaN,NaN,NaN,NaN,NaN,NaN,NaN,NaN,NaN,NaN,NaN,NaN,NaN,NaN,NaN,NaN
2023-08-15 11:39,4.67,32.88,35.5,0.53,4.64,11.77,7.79,1132.06,LOD,NaN,736.419,NaN,NaN,NaN,NaN,NaN,NaN,NaN,NaN,NaN,NaN,NaN,NaN,1.572,0.353,0.134,0.105,0.099,NaN,NaN